Timestamp,CarOrdinalID,CarClass,CarPerformanceIndex,DriveTrainType,NumCylinders,EngineMaxRPM,EndingeIdelRPM,EngineCurrentRPM,Speed,Power,Torque,Boost,Gear,Accel,Brake,Clutch,HandBrake,Fuel,roundedCurrentRPM,roundedPower,roundedTorque
2024-01-31 22:17:44.209396,2352,6,836,2,6,9000,800,623.7598,5,0.0951,1.2812,-9.8939,2,0,100,0,0,1.0,624,0,1
2024-01-31 22:17:44.225168,2352,6,836,2,6,9000,800,701.8071,5,0.1711,1.2812,-10.1446,2,0,100,0,0,1.0,702,0,1
2024-01-31 22:17:44.242128,2352,6,836,2,6,9000,800,703.6573,5,0.1715,1.2812,-10.3433,2,0,100,0,0,1.0,704,0,1
2024-01-31 22:17:44.259218,2352,6,836,2,6,9000,800,705.5007,4,0.172,1.2812,-10.4971,2,0,100,0,0,1.0,706,0,1
2024-01-31 22:17:44.275296,2352,6,836,2,6,9000,800,707.3271,4,0.1724,1.2812,-10.6152,2,0,100,0,0,1.0,707,0,1
2024-01-31 22:17:44.292270,2352,6,836,2,6,9000,800,709.1674,4,0.1729,1.2812,-10.7075,2,0,100,0,0,1.0,709,0,1
2024-01-31 22:17:44.309377,2352,6,836,2,6,9000,800,711.0263,4,0.1733,1.2812,-10.7795,2,0,100,0,0,1.0,711,0,1
2024-01-31 22:17:44.325901,2352,6,836,2,6,9000,800,712.8505,3,0.1738,1.2812,-10.8343,2,0,100,0,0,1.0,713,0,1
2024-01-31 22:17:44.342070,2352,6,836,2,6,9000,800,714.6934,3,0.1742,1.2812,-10.8773,2,0,100,0,0,1.0,715,0,1
2024-01-31 22:17:44.358233,2352,6,836,2,6,9000,800,716.5355,3,0.1747,1.2812,-10.9106,2,0,100,0,0,1.0,717,0,1
2024-01-31 22:17:44.375271,2352,6,836,2,6,9000,800,718.3727,2,0.1751,1.2812,-10.9364,2,0,100,0,0,1.0,718,0,1
2024-01-31 22:17:44.392299,2352,6,836,2,6,9000,800,720.2135,2,0.1756,1.2812,-10.9563,2,0,100,0,0,1.0,720,0,1
2024-01-31 22:17:44.409331,2352,6,836,2,6,9000,800,722.1454,2,0.1761,1.2812,-10.9724,2,0,100,0,0,1.0,722,0,1
2024-01-31 22:17:44.425357,2352,6,836,2,6,9000,800,723.8978,2,0.1765,1.2812,-10.9838,2,0,100,0,0,1.0,724,0,1
2024-01-31 22:17:44.441769,2352,6,836,2,6,9000,800,725.7511,1,0.1769,1.2812,-10.9931,2,0,100,0,0,1.0,726,0,1
2024-01-31 22:17:44.458750,2352,6,836,2,6,9000,800,727.5801,1,0.1774,1.2812,-11.0002,2,0,100,0,0,1.0,728,0,1
2024-01-31 22:17:44.475484,2352,6,836,2,6,9000,800,729.4217,1,0.1778,1.2812,-11.0058,2,0,100,0,0,1.0,729,0,1
2024-01-31 22:17:44.491702,2352,6,836,2,6,9000,800,731.2664,0,0.1783,1.2812,-11.0101,2,0,100,0,0,1.0,731,0,1
2024-01-31 22:17:44.510240,2352,6,836,2,6,9000,800,733.1814,0,0.1787,1.2812,-11.0136,2,0,100,0,0,1.0,733,0,1
2024-01-31 22:17:44.525774,2352,6,836,2,6,9000,800,734.9483,0,0.1792,1.2812,-11.0161,2,0,100,0,0,1.0,735,0,1
2024-01-31 22:17:44.542313,2352,6,836,2,6,9000,800,736.786,0,0.1796,1.2812,-11.0181,2,0,100,0,0,1.0,737,0,1
2024-01-31 22:17:44.558979,2352,6,836,2,6,9000,800,738.6332,0,0.1801,1.2812,-11.0196,2,0,100,0,0,1.0,739,0,1
2024-01-31 22:17:44.575504,2352,6,836,2,6,9000,800,740.4735,0,0.1805,1.2812,-11.0208,2,0,100,0,0,1.0,740,0,1
2024-01-31 22:17:44.591987,2352,6,836,2,6,9000,800,742.3258,0,0.181,1.2812,-11.0218,2,0,100,0,0,1.0,742,0,1
2024-01-31 22:17:44.609470,2352,6,836,2,6,9000,800,744.2382,0,0.1814,1.2812,-11.0225,2,0,52,0,0,1.0,744,0,1
2024-01-31 22:17:44.625793,2352,6,836,2,6,9000,800,746.0082,0,0.1819,1.2812,-11.0231,2,0,0,0,0,1.0,746,0,1
2024-01-31 22:17:44.642321,2352,6,836,2,6,9000,800,747.8472,0,0.1823,1.2812,-11.0235,2,0,0,0,0,1.0,748,0,1
2024-01-31 22:17:44.658782,2352,6,836,2,6,9000,800,749.6893,0,0.1828,1.2812,-11.0238,2,0,0,0,0,1.0,750,0,1
2024-01-31 22:17:44.675710,2352,6,836,2,6,9000,800,751.5226,0,0.1832,1.2812,-11.0241,2,0,0,0,0,1.0,752,0,1
2024-01-31 22:17:44.692212,2352,6,836,2,6,9000,800,753.3638,0,0.1837,1.2812,-11.0243,2,0,0,0,0,1.0,753,0,1
2024-01-31 22:17:44.192054,2352,6,836,2,6,9000,800,1057.134,5,0,0,-9.5586,2,0,100,0,0,1.0,1057,0,0
2024-01-31 22:17:44.175524,2352,6,836,2,6,9000,800,1666.3828,6,0,0,-9.1327,2,0,100,0,0,1.0,1666,0,0
2024-01-31 22:15:58.544471,2352,6,836,2,6,9000,800,1985.463,19,0,0,-11.025,2,0,0,0,0,1.0,1985,0,0
2024-01-31 22:15:58.527871,2352,6,836,2,6,9000,800,1988.8555,19,0,0,-11.025,2,0,0,0,0,1.0,1989,0,0
2024-01-31 22:15:58.563447,2352,6,836,2,6,9000,800,1992.5271,19,0,0,-11.025,2,0,0,0,0,1.0,1993,0,0
2024-01-31 22:15:58.577942,2352,6,836,2,6,9000,800,2000.0009,18,0,0,-11.025,2,0,0,0,0,1.0,2000,0,0
2024-01-31 22:15:58.511425,2352,6,836,2,6,9000,800,2002.4338,19,0,0,-11.025,2,0,0,0,0,1.0,2002,0,0
2024-01-31 22:15:58.594391,2352,6,836,2,6,9000,800,2007.9414,18,0,0,-11.025,2,0,0,0,0,1.0,2008,0,0
2024-01-31 22:15:58.611398,2352,6,836,2,6,9000,800,2010.4413,18,0,0,-11.025,2,0,0,0,0,1.0,2010,0,0
2024-01-31 22:15:58.794357,2352,6,836,2,6,9000,800,2017.6903,20,272.3104,710.4163,13.3661,2,100,0,0,0,1.0,2018,272,710
2024-01-31 22:15:58.494443,2352,6,836,2,6,9000,800,2025.9323,19,0,0,-11.025,2,0,0,0,0,1.0,2026,0,0
2024-01-31 22:15:58.777651,2352,6,836,2,6,9000,800,2040.1525,20,275.05,703.1056,12.7641,2,100,0,0,0,1.0,2040,275,703
2024-01-31 22:15:58.327960,2352,6,836,2,6,9000,800,2048.0349,20,0,0,-11.025,2,0,0,0,0,1.0,2048,0,0
2024-01-31 22:15:58.344314,2352,6,836,2,6,9000,800,2053.175,20,0,0,-11.025,2,0,0,0,0,1.0,2053,0,0
2024-01-31 22:15:58.477482,2352,6,836,2,6,9000,800,2056.688,19,0,0,-11.025,2,0,0,0,0,1.0,2057,0,0
2024-01-31 22:15:58.310837,2352,6,836,2,6,9000,800,2061.9504,20,0,0,-11.025,2,0,90,0,0,1.0,2062,0,0
2024-01-31 22:15:58.362374,2352,6,836,2,6,9000,800,2076.2913,19,0,0,-11.025,2,0,0,0,0,1.0,2076,0,0
2024-01-31 22:15:58.294166,2352,6,836,2,6,9000,800,2088.7712,20,0,0,-11.025,2,0,100,0,0,1.0,2089,0,0
2024-01-31 22:15:58.461466,2352,6,836,2,6,9000,800,2089.2998,19,0,0,-11.025,2,0,0,0,0,1.0,2089,0,0
2024-01-31 22:15:58.811446,2352,6,836,2,6,9000,800,2095.293,21,282.9983,715.8854,13.8325,2,100,0,0,0,1.0,2095,283,716
2024-01-31 22:15:58.377821,2352,6,836,2,6,9000,800,2099.7534,19,0,0,-11.025,2,0,0,0,0,1.0,2100,0,0
2024-01-31 22:15:58.278076,2352,6,836,2,6,9000,800,2114.6023,20,0,0,-11.025,2,0,100,0,0,1.0,2115,0,0
2024-01-31 22:15:58.444412,2352,6,836,2,6,9000,800,2119.2617,19,0,0,-11.025,2,0,0,0,0,1.0,2119,0,0
2024-01-31 22:15:58.393768,2352,6,836,2,6,9000,800,2125.9033,19,0,0,-11.025,2,0,0,0,0,1.0,2126,0,0
2024-01-31 22:15:58.427933,2352,6,836,2,6,9000,800,2137.6924,19,0,0,-11.025,2,0,0,0,0,1.0,2138,0,0
2024-01-31 22:15:58.261627,2352,6,836,2,6,9000,800,2138.7478,21,0,0,-11.025,2,0,100,0,0,1.0,2139,0,0
2024-01-31 22:15:58.410950,2352,6,836,2,6,9000,800,2139.8674,19,0,0,-11.025,2,0,0,0,0,1.0,2140,0,0
2024-01-31 22:15:58.244302,2352,6,836,2,6,9000,800,2160.4443,21,0,0,-11.025,2,0,100,0,0,1.0,2160,0,0
2024-01-31 22:15:58.762638,2352,6,836,2,6,9000,800,2179.489,20,291.6323,695.5096,12.0319,2,100,0,0,0,1.0,2179,292,696
2024-01-31 22:15:58.227823,2352,6,836,2,6,9000,800,2181.4343,21,0,0,-11.025,2,0,100,0,0,1.0,2181,0,0
2024-01-31 22:15:58.211408,2352,6,836,2,6,9000,800,2207.0508,22,0,0,-11.025,2,0,100,0,0,1.0,2207,0,0
2024-01-31 22:15:58.194312,2352,6,836,2,6,9000,800,2238.9363,22,0,0,-11.025,2,0,100,0,0,1.0,2239,0,0
2024-01-31 22:15:58.827878,2352,6,836,2,6,9000,800,2238.6079,21,302.9215,719.7182,14.1928,2,100,0,0,0,1.0,2239,303,720
2024-01-31 22:15:58.628035,2352,6,836,2,6,9000,800,2268.1147,18,78.8282,185.7875,-10.2933,2,44,0,0,0,1.0,2268,79,186
2024-01-31 22:15:58.178073,2352,6,836,2,6,9000,800,2273.0796,22,0,0,-11.025,2,0,100,0,0,1.0,2273,0,0
2024-01-31 22:15:58.162590,2352,6,836,2,6,9000,800,2313.3291,23,0,0,-11.025,2,0,100,0,0,1.0,2313,0,0
2024-01-31 22:15:58.144622,2352,6,836,2,6,9000,800,2363.6968,23,0,0,-11.025,2,0,100,0,0,1.0,2364,0,0
2024-01-31 22:15:58.745071,2352,6,836,2,6,9000,800,2394.4927,20,316.5065,682.2967,11.0113,2,100,0,0,0,1.0,2394,317,682
2024-01-31 22:15:58.128101,2352,6,836,2,6,9000,800,2415.2173,23,0,0,-11.025,2,0,100,0,0,1.0,2415,0,0
2024-01-31 22:15:59.277496,2352,6,836,2,6,9000,800,2419.0947,26,313.4072,687.3692,11.5995,2,100,0,0,0,1.0,2419,313,687
2024-01-31 22:15:58.844531,2352,6,836,2,6,9000,800,2424.3167,21,329.5569,722.2861,14.4727,2,100,0,0,0,1.0,2424,330,722
2024-01-31 22:15:58.111091,2352,6,836,2,6,9000,800,2461.5649,24,0,0,-11.025,2,0,100,0,0,1.0,2462,0,0
2024-01-31 22:15:58.094932,2352,6,836,2,6,9000,800,2503.2117,24,0,0,-11.025,2,0,100,0,0,1.0,2503,0,0
2024-01-31 22:15:58.077981,2352,6,836,2,6,9000,800,2540.0393,24,0,0,-11.025,2,0,100,0,0,1.0,2540,0,0
2024-01-31 22:15:58.995305,2352,6,836,2,6,9000,800,2562.6929,23,356.1645,730.6663,15.3382,2,100,0,0,0,1.0,2563,356,731
2024-01-31 22:15:58.062644,2352,6,836,2,6,9000,800,2570.6699,25,0,0,-11.025,2,0,100,0,0,1.0,2571,0,0
2024-01-31 22:15:58.977805,2352,6,836,2,6,9000,800,2576.4629,22,360.0013,729.8533,15.3102,2,100,0,0,0,1.0,2576,360,730
2024-01-31 22:15:58.044767,2352,6,836,2,6,9000,800,2596.3752,25,0,0,-11.025,2,0,100,0,0,1.0,2596,0,0
2024-01-31 22:15:59.011430,2352,6,836,2,6,9000,800,2611.1819,23,361.6423,730.6314,15.36,2,100,0,0,0,1.0,2611,362,731
2024-01-31 22:15:58.028074,2352,6,836,2,6,9000,800,2613.876,25,0,0,-11.025,2,0,100,0,0,1.0,2614,0,0
2024-01-31 22:15:58.010468,2352,6,836,2,6,9000,800,2630.4609,26,0,0,-11.025,2,0,100,0,0,1.0,2630,0,0
2024-01-31 22:15:59.294453,2352,6,836,2,6,9000,800,2637.0215,26,345.1205,697.5033,12.4639,2,100,0,0,0,1.0,2637,345,698
2024-01-31 22:15:57.994455,2352,6,836,2,6,9000,800,2646.7944,26,0,0,-11.025,2,0,100,0,0,1.0,2647,0,0
2024-01-31 22:15:59.260989,2352,6,836,2,6,9000,800,2654.168,26,354.1231,701.6584,12.8766,2,100,0,0,0,1.0,2654,354,702
2024-01-31 22:15:57.978070,2352,6,836,2,6,9000,800,2663.5796,26,0,0,-11.025,2,0,100,0,0,1.0,2664,0,0
2024-01-31 22:15:58.861960,2352,6,836,2,6,9000,800,2673.7922,21,363.2153,722.5495,14.6977,2,100,0,0,0,1.0,2674,363,723
2024-01-31 22:15:59.027971,2352,6,836,2,6,9000,800,2688.4336,23,371.614,730.0664,15.3769,2,100,0,0,0,1.0,2688,372,730
2024-01-31 22:15:57.962110,2352,6,836,2,6,9000,800,2689.1069,27,0,0,-11.025,2,0,100,0,0,1.0,2689,0,0
2024-01-31 22:15:58.961472,2352,6,836,2,6,9000,800,2693.666,22,376.5886,728.2839,15.2749,2,100,0,0,0,1.0,2694,377,728
2024-01-31 22:15:58.727575,2352,6,836,2,6,9000,800,2725.8464,19,351.5847,663.9726,9.6997,2,100,0,0,0,1.0,2726,352,664
2024-01-31 22:15:57.944659,2352,6,836,2,6,9000,800,2729.0178,27,0,0,-11.025,2,0,100,0,0,1.0,2729,0,0
2024-01-31 22:15:59.044044,2352,6,836,2,6,9000,800,2744.4365,23,379.7816,729.3615,15.39,2,100,0,0,0,1.0,2744,380,729
2024-01-31 22:15:57.927978,2352,6,836,2,6,9000,800,2771.5591,27,0,0,-11.025,2,0,100,0,0,1.0,2772,0,0
2024-01-31 22:15:58.877982,2352,6,836,2,6,9000,800,2789.1675,21,381.631,722.7167,14.8571,2,100,0,0,0,1.0,2789,382,723
2024-01-31 22:15:59.061932,2352,6,836,2,6,9000,800,2813.3208,23,388.8231,728.6298,15.4006,2,100,0,0,0,1.0,2813,389,729
2024-01-31 22:15:58.644036,2352,6,836,2,6,9000,800,2815.6458,18,252.1241,484.8502,-5.098,2,100,0,0,0,1.0,2816,252,485
2024-01-31 22:15:57.911419,2352,6,836,2,6,9000,800,2819.8206,28,0,0,-11.025,2,0,100,0,0,1.0,2820,0,0
2024-01-31 22:15:58.944067,2352,6,836,2,6,9000,800,2869.8765,22,397.9849,725.2768,15.2268,2,100,0,0,0,1.0,2870,398,725
2024-01-31 22:15:57.894503,2352,6,836,2,6,9000,800,2873.5713,28,0,0,-11.025,2,0,100,0,0,1.0,2874,0,0
2024-01-31 22:15:58.894048,2352,6,836,2,6,9000,800,2916.4858,21,399.0227,722.5796,14.9873,2,100,0,0,0,1.0,2916,399,723
2024-01-31 22:15:57.877927,2352,6,836,2,6,9000,800,2922.8552,28,0,0,-11.025,2,0,100,0,0,1.0,2923,0,0
2024-01-31 22:15:59.077940,2352,6,836,2,6,9000,800,2925.1499,23,402.7635,727.496,15.408,2,100,0,0,0,1.0,2925,403,727
2024-01-31 22:15:59.311118,2352,6,836,2,6,9000,800,2932.886,26,384.517,701.1543,13.1322,2,100,0,0,0,1.0,2933,385,701
2024-01-31 22:15:58.927949,2352,6,836,2,6,9000,800,2936.2173,22,405.5576,723.7342,15.1663,2,100,0,0,0,1.0,2936,406,724
2024-01-31 22:15:59.164446,2352,6,836,2,6,9000,800,2935.6545,24,406.1723,727.0937,15.4278,2,100,0,0,0,1.0,2936,406,727
2024-01-31 22:15:59.144447,2352,6,836,2,6,9000,800,2936.5051,24,406.4413,727.007,15.4253,2,100,0,0,0,1.0,2937,406,727
2024-01-31 22:15:59.127835,2352,6,836,2,6,9000,800,2943.0603,24,407.3274,726.8658,15.4224,2,100,0,0,0,1.0,2943,407,727
2024-01-31 22:15:59.094699,2352,6,836,2,6,9000,800,2945.0825,23,407.249,726.8185,15.414,2,100,0,0,0,1.0,2945,407,727
2024-01-31 22:15:59.178131,2352,6,836,2,6,9000,800,2946.1787,24,407.3008,726.973,15.4291,2,100,0,0,0,1.0,2946,407,727
2024-01-31 22:15:59.110760,2352,6,836,2,6,9000,800,2948.1843,24,407.9365,726.7592,15.4188,2,100,0,0,0,1.0,2948,408,727
2024-01-31 22:15:57.861489,2352,6,836,2,6,9000,800,2949.561,29,0,0,-11.025,2,0,100,0,0,1.0,2950,0,0
2024-01-31 22:15:58.910962,2352,6,836,2,6,9000,800,2960.4724,22,407.0092,722.7393,15.0882,2,100,0,0,0,1.0,2960,407,723
2024-01-31 22:15:57.844501,2352,6,836,2,6,9000,800,2962.9534,29,0,0,-11.025,2,0,100,0,0,1.0,2963,0,0
2024-01-31 22:15:57.828028,2352,6,836,2,6,9000,800,2972.1309,29,0,0,-11.025,2,0,100,0,0,1.0,2972,0,0
2024-01-31 22:15:57.811450,2352,6,836,2,6,9000,800,2982.5291,30,0,0,-11.025,2,0,100,0,0,1.0,2983,0,0
2024-01-31 22:15:59.194143,2352,6,836,2,6,9000,800,2989.4805,25,412.4152,726.5104,15.4305,2,100,0,0,0,1.0,2989,412,727
2024-01-31 22:15:57.794488,2352,6,836,2,6,9000,800,2997.3806,30,0,0,-11.025,2,0,100,0,0,1.0,2997,0,0
2024-01-31 22:15:57.777889,2352,6,836,2,6,9000,800,3023.1772,30,0,0,-11.025,2,0,100,0,0,1.0,3023,0,0
2024-01-31 22:15:59.211255,2352,6,836,2,6,9000,800,3030.2693,25,417.813,725.8609,15.4315,2,100,0,0,0,1.0,3030,418,726
2024-01-31 22:15:57.761904,2352,6,836,2,6,9000,800,3053.957,31,0,0,-11.025,2,0,100,0,0,1.0,3054,0,0
2024-01-31 22:15:59.228242,2352,6,836,2,6,9000,800,3064.7512,25,422.3914,725.2707,15.4323,2,100,0,0,0,1.0,3065,422,725
2024-01-31 22:15:57.744981,2352,6,836,2,6,9000,800,3080.4624,31,0,0,-11.025,2,0,100,0,0,1.0,3080,0,0
2024-01-31 22:15:59.244755,2352,6,836,2,6,9000,800,3090.1023,26,425.8429,724.8131,15.4329,2,100,0,0,0,1.0,3090,426,725
2024-01-31 22:15:57.728029,2352,6,836,2,6,9000,800,3102.0842,31,0,0,-11.025,2,0,100,0,0,1.0,3102,0,0
2024-01-31 22:15:58.710826,2352,6,836,2,6,9000,800,3108.9067,19,382.3169,634.843,8.0308,2,100,0,0,0,1.0,3109,382,635
2024-01-31 22:15:57.711579,2352,6,836,2,6,9000,800,3125.3372,32,0,0,-11.025,2,0,100,0,0,1.0,3125,0,0
2024-01-31 22:15:57.694400,2352,6,836,2,6,9000,800,3153.3005,32,0,0,-11.025,2,0,100,0,0,1.0,3153,0,0
2024-01-31 22:15:57.678082,2352,6,836,2,6,9000,800,3182.0608,32,0,0,-11.025,2,0,100,0,0,1.0,3182,0,0
2024-01-31 22:15:57.661062,2352,6,836,2,6,9000,800,3217.8325,33,0,0,-11.025,2,0,100,0,0,1.0,3218,0,0
2024-01-31 22:15:58.661568,2352,6,836,2,6,9000,800,3235.9321,18,330.0034,543.8656,-0.424,2,100,0,0,0,1.0,3236,330,544
2024-01-31 22:15:59.328150,2352,6,836,2,6,9000,800,3244.8162,27,427.3017,702.6231,13.6519,2,100,0,0,0,1.0,3245,427,703
2024-01-31 22:15:59.478016,2352,6,836,2,6,9000,800,3244.5605,30,443.9802,719.9969,15.2556,2,100,0,0,0,1.0,3245,444,720
2024-01-31 22:15:59.462330,2352,6,836,2,6,9000,800,3245.8459,30,446.4997,719.0551,15.2072,2,100,0,0,0,1.0,3246,446,719
2024-01-31 22:15:57.428035,2352,6,836,2,6,9000,800,3268.739,38,0,0,-11.0234,2,0,100,0,0,1.0,3269,0,0
2024-01-31 22:15:57.644679,2352,6,836,2,6,9000,800,3273.137,33,0,0,-11.0249,2,0,100,0,0,1.0,3273,0,0
2024-01-31 22:15:59.494503,2352,6,836,2,6,9000,800,3281.3818,31,447.9538,720.0687,15.2961,2,100,0,0,0,1.0,3281,448,720
2024-01-31 22:15:57.444521,2352,6,836,2,6,9000,800,3302.3044,37,0,0,-11.0237,2,0,100,0,0,1.0,3302,0,0
2024-01-31 22:15:57.411168,2352,6,836,2,6,9000,800,3336.8521,38,0,0,-11.0229,2,0,100,0,0,1.0,3337,0,0
2024-01-31 22:15:57.628436,2352,6,836,2,6,9000,800,3358.3354,33,0,0,-11.0249,2,0,100,0,0,1.0,3358,0,0
2024-01-31 22:15:58.695342,2352,6,836,2,6,9000,800,3372.6775,19,392.118,606.0594,5.8851,2,100,0,0,0,1.0,3373,392,606
2024-01-31 22:15:59.511193,2352,6,836,2,6,9000,800,3403.0752,31,462.1404,718.5205,15.3274,2,100,0,0,0,1.0,3403,462,719
2024-01-31 22:15:57.461104,2352,6,836,2,6,9000,800,3404.073,37,0,0,-11.024,2,0,100,0,0,1.0,3404,0,0
2024-01-31 22:15:59.444688,2352,6,836,2,6,9000,800,3407.2007,29,465.6707,714.5132,15.1362,2,100,0,0,0,1.0,3407,466,715
2024-01-31 22:15:58.677871,2352,6,836,2,6,9000,800,3425.1431,18,372.7344,574.0265,3.1175,2,100,0,0,0,1.0,3425,373,574
2024-01-31 22:15:57.611445,2352,6,836,2,6,9000,800,3475.3774,34,0,0,-11.0249,2,0,100,0,0,1.0,3475,0,0
2024-01-31 22:15:59.344635,2352,6,836,2,6,9000,800,3503.2161,27,463.224,702.0831,14.0543,2,100,0,0,0,1.0,3503,463,702
2024-01-31 22:15:57.394885,2352,6,836,2,6,9000,800,3509.3867,38,0,0,-11.0223,2,0,100,0,0,1.0,3509,0,0
2024-01-31 22:15:59.427597,2352,6,836,2,6,9000,800,3517.3689,29,478.8237,710.9327,15.0492,2,100,0,0,0,1.0,3517,479,711
2024-01-31 22:15:57.478142,2352,6,836,2,6,9000,800,3545.5544,36,0,0,-11.0242,2,0,100,0,0,1.0,3546,0,0
2024-01-31 22:15:57.294806,2352,6,836,2,6,9000,800,3556.6501,40,0,0,-11.0125,2,0,100,0,0,1.0,3557,0,0
2024-01-31 22:15:59.528044,2352,6,836,2,6,9000,800,3559.4934,32,481.1715,715.691,15.3516,2,100,0,0,0,1.0,3559,481,716
2024-01-31 22:15:57.278123,2352,6,836,2,6,9000,800,3565.0825,40,0,0,-11.0089,2,0,100,0,0,1.0,3565,0,0
2024-01-31 22:15:57.594459,2352,6,836,2,6,9000,800,3611.2422,34,0,0,-11.0249,2,0,100,0,0,1.0,3611,0,0
2024-01-31 22:15:59.410882,2352,6,836,2,6,9000,800,3635.6462,28,491.47,707.1801,14.9373,2,100,0,0,0,1.0,3636,491,707
2024-01-31 22:15:59.361823,2352,6,836,2,6,9000,800,3661.377,27,486.9906,701.624,14.3765,2,100,0,0,0,1.0,3661,487,702
2024-01-31 22:15:57.261689,2352,6,836,2,6,9000,800,3666.8069,41,0,0,-11.0042,2,0,100,0,0,1.0,3667,0,0
2024-01-31 22:15:57.311758,2352,6,836,2,6,9000,800,3686.1299,39,0,0,-11.0153,2,0,100,0,0,1.0,3686,0,0
2024-01-31 22:15:57.495148,2352,6,836,2,6,9000,800,3694.3181,36,0,0,-11.0244,2,0,100,0,0,1.0,3694,0,0
2024-01-31 22:15:59.377773,2352,6,836,2,6,9000,800,3695.6433,28,494.452,702.6241,14.606,2,100,0,0,0,1.0,3696,494,703
2024-01-31 22:15:59.394374,2352,6,836,2,6,9000,800,3702.5149,28,497.1708,704.3931,14.7924,2,100,0,0,0,1.0,3703,497,704
2024-01-31 22:15:59.545018,2352,6,836,2,6,9000,800,3726.0676,32,501.3791,712.083,15.3704,2,100,0,0,0,1.0,3726,501,712
2024-01-31 22:15:57.377978,2352,6,836,2,6,9000,800,3733.0583,38,0,0,-11.0215,2,0,100,0,0,1.0,3733,0,0
2024-01-31 22:15:57.577945,2352,6,836,2,6,9000,800,3739.9668,34,0,0,-11.0248,2,0,100,0,0,1.0,3740,0,0
2024-01-31 22:15:57.244798,2352,6,836,2,6,9000,800,3785.9209,41,0,0,-10.9982,2,0,100,0,0,1.0,3786,0,0
2024-01-31 22:15:57.511604,2352,6,836,2,6,9000,800,3816.8345,36,0,0,-11.0245,2,0,100,0,0,1.0,3817,0,0
2024-01-31 22:15:57.561444,2352,6,836,2,6,9000,800,3841.8762,35,0,0,-11.0248,2,0,100,0,0,1.0,3842,0,0
2024-01-31 22:15:59.561506,2352,6,836,2,6,9000,800,3874.7756,32,519.3705,707.6786,15.385,2,100,0,0,0,1.0,3875,519,708
2024-01-31 22:15:57.328194,2352,6,836,2,6,9000,800,3880.0398,39,0,0,-11.0175,2,0,100,0,0,1.0,3880,0,0
2024-01-31 22:15:57.528084,2352,6,836,2,6,9000,800,3882.2195,35,0,0,-11.0247,2,0,100,0,0,1.0,3882,0,0
2024-01-31 22:15:57.544315,2352,6,836,2,6,9000,800,3892.5332,35,0,0,-11.0247,2,0,100,0,0,1.0,3893,0,0
2024-01-31 22:15:57.228281,2352,6,836,2,6,9000,800,3908.7512,41,0,0,-10.9904,2,0,100,0,0,1.0,3909,0,0
2024-01-31 22:15:57.361447,2352,6,836,2,6,9000,800,3927.6152,39,0,0,-11.0205,2,0,100,0,0,1.0,3928,0,0
2024-01-31 22:15:59.577548,2352,6,836,2,6,9000,800,3985.3198,33,532.8428,705.1909,15.3962,2,100,0,0,0,1.0,3985,533,705
2024-01-31 22:15:57.344443,2352,6,836,2,6,9000,800,3991.2666,39,0,0,-11.0192,2,0,100,0,0,1.0,3991,0,0
2024-01-31 22:15:56.827942,2352,6,836,2,6,9000,800,4002.353,49,0,0,4.8257,2,0,0,0,0,1.0,4002,0,0
2024-01-31 22:15:57.211283,2352,6,836,2,6,9000,800,4047.0835,41,0,0,-10.9803,2,0,100,0,0,1.0,4047,0,0
2024-01-31 22:15:56.844961,2352,6,836,2,6,9000,800,4068.1328,49,0,0,1.2587,2,0,0,0,0,1.0,4068,0,0
2024-01-31 22:15:59.677796,2352,6,836,2,6,9000,800,4069.3606,35,544.0252,702.2424,15.4266,2,100,0,0,0,1.0,4069,544,702
2024-01-31 22:15:59.594688,2352,6,836,2,6,9000,800,4071.0852,33,542.9548,702.6906,15.4049,2,100,0,0,0,1.0,4071,543,703
2024-01-31 22:15:59.694703,2352,6,836,2,6,9000,800,4078.5769,36,544.6256,702.2725,15.4285,2,100,0,0,0,1.0,4079,545,702
2024-01-31 22:15:59.661170,2352,6,836,2,6,9000,800,4084.0632,35,546.0667,701.7451,15.4242,2,100,0,0,0,1.0,4084,546,702
2024-01-31 22:15:59.644632,2352,6,836,2,6,9000,800,4117.1235,34,549.54,700.687,15.421,2,100,0,0,0,1.0,4117,550,701
2024-01-31 22:15:59.611155,2352,6,836,2,6,9000,800,4122.6904,34,549.3216,700.9565,15.4117,2,100,0,0,0,1.0,4123,549,701
2024-01-31 22:15:59.628169,2352,6,836,2,6,9000,800,4129.0835,34,550.6119,700.4381,15.417,2,100,0,0,0,1.0,4129,551,700
2024-01-31 22:15:59.711163,2352,6,836,2,6,9000,800,4137.3511,36,550.4972,701.0519,15.43,2,100,0,0,0,1.0,4137,550,701
2024-01-31 22:15:57.194771,2352,6,836,2,6,9000,800,4195.6396,41,0,0,-10.9673,2,0,100,0,0,1.0,4196,0,0
2024-01-31 22:15:59.727433,2352,6,836,2,6,9000,800,4223.1748,37,559.6973,698.733,15.4311,2,100,0,0,0,1.0,4223,560,699
2024-01-31 22:15:56.811431,2352,6,836,2,6,9000,800,4254.0537,49,0,0,9.4449,2,0,0,0,0,1.0,4254,0,0
2024-01-31 22:15:59.744955,2352,6,836,2,6,9000,800,4303.73,37,568.5789,696.1862,15.432,2,100,0,0,0,1.0,4304,569,696
2024-01-31 22:15:57.178785,2352,6,836,2,6,9000,800,4344.4316,42,0,0,-10.9505,2,0,100,0,0,1.0,4344,0,0
2024-01-31 22:15:59.761424,2352,6,836,2,6,9000,800,4381.8779,38,576.8511,693.2441,15.4327,2,100,0,0,0,1.0,4382,577,693
2024-01-31 22:15:56.861473,2352,6,836,2,6,9000,800,4385.0938,49,0,0,-1.5097,2,0,0,0,0,1.0,4385,0,0
2024-01-31 22:15:57.028439,2352,6,836,2,6,9000,800,4385.6943,45,0,0,-10.2843,2,0,100,0,0,1.0,4386,0,0
2024-01-31 22:15:57.044460,2352,6,836,2,6,9000,800,4406.6934,45,0,0,-10.4507,2,0,100,0,0,1.0,4407,0,0
2024-01-31 22:15:59.780473,2352,6,836,2,6,9000,800,4444.2861,38,583.758,691.5317,15.4332,2,100,0,0,0,1.0,4444,584,692
2024-01-31 22:15:57.011461,2352,6,836,2,6,9000,800,4446.124,46,0,0,-10.0689,2,0,100,0,0,1.0,4446,0,0
2024-01-31 22:15:57.161817,2352,6,836,2,6,9000,800,4470.7598,42,0,0,-10.9289,2,0,100,0,0,1.0,4471,0,0
2024-01-31 22:15:57.061322,2352,6,836,2,6,9000,800,4488.3037,44,0,0,-10.5802,2,0,100,0,0,1.0,4488,0,0
2024-01-31 22:15:59.794510,2352,6,836,2,6,9000,800,4494.4224,38,589.022,689.4735,15.4336,2,100,0,0,0,1.0,4494,589,689
2024-01-31 22:15:59.810957,2352,6,836,2,6,9000,800,4531.5391,39,593.0784,688.4016,15.4339,2,100,0,0,0,1.0,4532,593,688
2024-01-31 22:15:56.361638,2352,6,836,2,6,9000,800,4556.2808,42,0,0,-11.025,2,0,0,0,0,1.0,4556,0,0
2024-01-31 22:15:56.344624,2352,6,836,2,6,9000,800,4564.5938,42,0,0,-11.025,2,0,0,0,0,1.0,4565,0,0
2024-01-31 22:15:59.828001,2352,6,836,2,6,9000,800,4569.605,39,596.9502,687.1277,15.4342,2,100,0,0,0,1.0,4570,597,687
2024-01-31 22:15:56.994938,2352,6,836,2,6,9000,800,4571.2808,46,0,0,-9.7901,2,0,100,0,0,1.0,4571,0,0
2024-01-31 22:15:56.328129,2352,6,836,2,6,9000,800,4573.4009,42,0,0,-11.025,2,0,0,0,0,1.0,4573,0,0
2024-01-31 22:15:57.144970,2352,6,836,2,6,9000,800,4579.373,43,0,0,-10.9011,2,0,100,0,0,1.0,4579,0,0
2024-01-31 22:15:56.311130,2352,6,836,2,6,9000,800,4581.9019,42,0,0,-11.025,2,0,0,0,0,1.0,4582,0,0
2024-01-31 22:15:56.294895,2352,6,836,2,6,9000,800,4591.3306,43,0,0,-11.025,2,0,0,0,0,1.0,4591,0,0
2024-01-31 22:15:57.078381,2352,6,836,2,6,9000,800,4595.4292,44,0,0,-10.6804,2,0,100,0,0,1.0,4595,0,0
2024-01-31 22:15:59.844499,2352,6,836,2,6,9000,800,4599.3774,40,600.0457,686.0454,15.4343,2,100,0,0,0,1.0,4599,600,686
2024-01-31 22:15:56.277963,2352,6,836,2,6,9000,800,4601.2603,43,0,0,-11.025,2,0,0,0,0,1.0,4601,0,0
2024-01-31 22:15:59.861449,2352,6,836,2,6,9000,800,4611.4102,40,601.3642,685.3972,15.4345,2,100,0,0,0,1.0,4611,601,685
2024-01-31 22:15:56.261482,2352,6,836,2,6,9000,800,4611.5825,43,0,0,-11.025,2,0,0,0,0,1.0,4612,0,0
2024-01-31 22:15:56.244050,2352,6,836,2,6,9000,800,4621.7637,43,0,0,-11.025,2,0,0,0,0,1.0,4622,0,0
2024-01-31 22:15:59.877935,2352,6,836,2,6,9000,800,4629.7271,41,603.1306,684.9381,15.4346,2,100,0,0,0,1.0,4630,603,685
2024-01-31 22:15:56.227954,2352,6,836,2,6,9000,800,4632.4482,43,0,0,-11.025,2,0,0,0,0,1.0,4632,0,0
2024-01-31 22:15:56.211498,2352,6,836,2,6,9000,800,4642.8311,43,0,0,-11.025,2,0,0,0,0,1.0,4643,0,0
2024-01-31 22:15:56.195133,2352,6,836,2,6,9000,800,4652.7686,43,0,0,-11.025,2,0,0,0,0,1.0,4653,0,0
2024-01-31 22:15:56.178083,2352,6,836,2,6,9000,800,4662.3213,43,0,0,-11.025,2,0,0,0,0,1.0,4662,0,0
2024-01-31 22:15:56.165077,2352,6,836,2,6,9000,800,4671.1099,43,0,0,-11.025,2,0,0,0,0,1.0,4671,0,0
2024-01-31 22:15:57.127774,2352,6,836,2,6,9000,800,4673.272,43,0,0,-10.8649,2,0,100,0,0,1.0,4673,0,0
2024-01-31 22:15:57.094985,2352,6,836,2,6,9000,800,4677.2886,44,0,0,-10.7582,2,0,100,0,0,1.0,4677,0,0
2024-01-31 22:15:59.894030,2352,6,836,2,6,9000,800,4677.1592,41,607.5451,683.6098,15.4347,2,100,0,0,0,1.0,4677,608,684
2024-01-31 22:15:56.144603,2352,6,836,2,6,9000,800,4679.7583,43,0,0,-11.025,2,0,0,0,0,1.0,4680,0,0
2024-01-31 22:15:56.131120,2352,6,836,2,6,9000,800,4688.416,43,0,0,-11.025,2,0,0,0,0,1.0,4688,0,0
2024-01-31 22:15:56.113608,2352,6,836,2,6,9000,800,4697.2207,43,0,0,-11.025,2,0,0,0,0,1.0,4697,0,0
2024-01-31 22:15:56.544832,2352,6,836,2,6,9000,800,4705.9146,44,591.9061,660.7627,13.5405,2,100,0,0,0,1.0,4706,592,661
2024-01-31 22:15:56.096142,2352,6,836,2,6,9000,800,4706.6416,43,0,0,-11.025,2,0,0,0,0,1.0,4707,0,0
2024-01-31 22:15:59.910988,2352,6,836,2,6,9000,800,4711.3057,42,610.9,682.061,15.4348,2,100,0,0,0,1.0,4711,611,682
2024-01-31 22:15:57.111477,2352,6,836,2,6,9000,800,4712.5566,43,0,0,-10.8183,2,0,100,0,0,1.0,4713,0,0
2024-01-31 22:15:56.078955,2352,6,836,2,6,9000,800,4716.2622,44,0,0,-11.025,2,0,0,0,0,1.0,4716,0,0
2024-01-31 22:15:56.061474,2352,6,836,2,6,9000,800,4725.8911,44,0,0,-11.025,2,0,0,0,0,1.0,4726,0,0
2024-01-31 22:15:56.044999,2352,6,836,2,6,9000,800,4735.1104,44,0,0,-11.025,2,0,0,0,0,1.0,4735,0,0
2024-01-31 22:15:56.031494,2352,6,836,2,6,9000,800,4743.8726,44,0,0,-11.025,2,0,0,0,0,1.0,4744,0,0
2024-01-31 22:15:56.011506,2352,6,836,2,6,9000,800,4752.5566,44,0,0,-11.025,2,0,0,0,0,1.0,4753,0,0
2024-01-31 22:15:56.528216,2352,6,836,2,6,9000,800,4755.9033,44,593.974,653.751,12.9961,2,100,0,0,0,1.0,4756,594,654
2024-01-31 22:15:55.995467,2352,6,836,2,6,9000,800,4760.7681,44,0,0,-11.025,2,0,0,0,0,1.0,4761,0,0
2024-01-31 22:15:59.927975,2352,6,836,2,6,9000,800,4762.624,42,615.8337,680.6925,15.4348,2,100,0,0,0,1.0,4763,616,681
2024-01-31 22:15:56.978024,2352,6,836,2,6,9000,800,4764.6206,46,0,0,-9.4316,2,0,100,0,0,1.0,4765,0,0
2024-01-31 22:15:55.978295,2352,6,836,2,6,9000,800,4768.6089,44,0,0,-11.025,2,0,0,0,0,1.0,4769,0,0
2024-01-31 22:15:55.961638,2352,6,836,2,6,9000,800,4776.7974,44,0,0,-11.025,2,0,0,0,0,1.0,4777,0,0
2024-01-31 22:15:55.945161,2352,6,836,2,6,9000,800,4784.709,44,0,0,-11.025,2,0,0,0,0,1.0,4785,0,0
2024-01-31 22:15:56.378115,2352,6,836,2,6,9000,800,4786.4214,42,136.264,150.68,-8.8545,2,41,0,0,0,1.0,4786,136,151
2024-01-31 22:15:56.561524,2352,6,836,2,6,9000,800,4788.0127,44,602.6654,664.1198,13.9674,2,100,0,0,0,1.0,4788,603,664
2024-01-31 22:15:55.928186,2352,6,836,2,6,9000,800,4793.019,44,0,0,-11.025,2,0,0,0,0,1.0,4793,0,0
2024-01-31 22:15:55.911174,2352,6,836,2,6,9000,800,4801.5811,44,0,0,-11.025,2,0,0,0,0,1.0,4802,0,0
2024-01-31 22:15:55.894777,2352,6,836,2,6,9000,800,4810.2441,44,0,0,-11.025,2,0,0,0,0,1.0,4810,0,0
2024-01-31 22:15:55.878271,2352,6,836,2,6,9000,800,4819.2583,45,0,0,-11.025,2,0,0,0,0,1.0,4819,0,0
2024-01-31 22:15:56.794555,2352,6,836,2,6,9000,800,4818.5659,49,158.5659,170.3507,15.3938,2,29,0,0,0,1.0,4819,159,170
2024-01-31 22:15:59.944529,2352,6,836,2,6,9000,800,4826.7134,42,621.7358,678.052,15.4349,2,100,0,0,0,1.0,4827,622,678
2024-01-31 22:15:55.861278,2352,6,836,2,6,9000,800,4828.4365,45,0,0,-11.025,2,0,0,0,0,1.0,4828,0,0
2024-01-31 22:15:56.877519,2352,6,836,2,6,9000,800,4834.4297,49,0,0,-3.6567,2,0,0,0,0,1.0,4834,0,0
2024-01-31 22:15:55.844672,2352,6,836,2,6,9000,800,4836.7412,45,0,0,-11.025,2,0,0,0,0,1.0,4837,0,0
2024-01-31 22:15:55.828261,2352,6,836,2,6,9000,800,4844.8682,45,0,0,-11.025,2,0,0,0,0,1.0,4845,0,0
2024-01-31 22:15:55.811607,2352,6,836,2,6,9000,800,4852.8892,45,0,0,-11.025,2,0,0,0,0,1.0,4853,0,0
2024-01-31 22:15:55.794585,2352,6,836,2,6,9000,800,4860.5161,45,0,0,-11.025,2,0,0,0,0,1.0,4861,0,0
2024-01-31 22:15:55.777974,2352,6,836,2,6,9000,800,4868.7007,45,0,0,-11.025,2,0,0,0,0,1.0,4869,0,0
2024-01-31 22:15:55.760759,2352,6,836,2,6,9000,800,4877.8813,45,0,0,-11.025,2,0,0,0,0,1.0,4878,0,0
2024-01-31 22:15:55.744310,2352,6,836,2,6,9000,800,4888.0386,45,0,0,-11.025,2,0,0,0,0,1.0,4888,0,0
2024-01-31 22:15:32.979009,2352,6,836,2,6,9000,800,4888.6494,52,560.6295,599.8317,8.7664,2,100,0,0,0,1.0,4889,561,600
2024-01-31 22:15:59.962512,2352,6,836,2,6,9000,800,4896.7344,43,628.383,675.4826,15.4349,2,100,0,0,0,1.0,4897,628,675
2024-01-31 22:15:55.728235,2352,6,836,2,6,9000,800,4899.0034,45,0,0,-11.025,2,0,0,0,0,1.0,4899,0,0
2024-01-31 22:15:55.711189,2352,6,836,2,6,9000,800,4910.1924,45,0,0,-11.025,2,0,0,0,0,1.0,4910,0,0
2024-01-31 22:15:55.695156,2352,6,836,2,6,9000,800,4920.75,45,0,0,-11.025,2,0,0,0,0,1.0,4921,0,0
2024-01-31 22:15:56.511576,2352,6,836,2,6,9000,800,4927.7085,44,601.39,636.4459,12.2821,2,100,0,0,0,1.0,4928,601,636
2024-01-31 22:15:55.678517,2352,6,836,2,6,9000,800,4930.0312,45,0,0,-11.025,2,0,0,0,0,1.0,4930,0,0
2024-01-31 22:15:55.661509,2352,6,836,2,6,9000,800,4938.0767,45,0,0,-11.025,2,0,0,0,0,1.0,4938,0,0
2024-01-31 22:15:56.578282,2352,6,836,2,6,9000,800,4942.3506,45,619.8965,662.431,14.2982,2,100,0,0,0,1.0,4942,620,662
2024-01-31 22:15:55.644551,2352,6,836,2,6,9000,800,4944.0371,45,0,0,-11.025,2,0,0,0,0,1.0,4944,0,0
2024-01-31 22:15:55.628044,2352,6,836,2,6,9000,800,4948.2515,46,0,0,-11.025,2,0,0,0,0,1.0,4948,0,0
2024-01-31 22:15:55.611398,2352,6,836,2,6,9000,800,4951.8096,46,0,0,-11.025,2,0,0,0,0,1.0,4952,0,0
2024-01-31 22:15:55.594907,2352,6,836,2,6,9000,800,4954.4849,46,0,0,-11.025,2,0,0,0,0,1.0,4954,0,0
2024-01-31 22:15:55.577939,2352,6,836,2,6,9000,800,4958.0068,46,0,0,-11.025,2,0,0,0,0,1.0,4958,0,0
2024-01-31 22:15:59.978020,2352,6,836,2,6,9000,800,4960.2212,43,634.642,673.4898,15.4349,2,100,0,0,0,1.0,4960,635,673
2024-01-31 22:15:55.561442,2352,6,836,2,6,9000,800,4963.0737,46,0,0,-11.025,2,0,0,0,0,1.0,4963,0,0
2024-01-31 22:15:32.996135,2352,6,836,2,6,9000,800,4963.9287,52,579.7546,617.6775,10.2698,2,100,0,0,0,1.0,4964,580,618
2024-01-31 22:15:55.544485,2352,6,836,2,6,9000,800,4970.001,46,0,0,-11.025,2,0,0,0,0,1.0,4970,0,0
2024-01-31 22:15:55.528027,2352,6,836,2,6,9000,800,4978.3125,46,0,0,-11.025,2,0,0,0,0,1.0,4978,0,0
2024-01-31 22:15:55.511548,2352,6,836,2,6,9000,800,4988.2695,46,0,0,-11.025,2,0,0,0,0,1.0,4988,0,0
2024-01-31 22:15:55.494584,2352,6,836,2,6,9000,800,4998.6597,46,0,0,-11.025,2,0,0,0,0,1.0,4999,0,0
2024-01-31 22:15:55.185124,2352,6,836,2,6,9000,800,5000.3638,48,0,0,-11.025,2,0,0,0,0,1.0,5000,0,0
2024-01-31 22:15:59.994575,2352,6,836,2,6,9000,800,5003.1123,44,638.7808,671.6298,15.4349,2,100,0,0,0,1.0,5003,639,672
2024-01-31 22:15:55.195620,2352,6,836,2,6,9000,800,5009.2842,48,0,0,-11.025,2,0,0,0,0,1.0,5009,0,0
2024-01-31 22:15:55.478154,2352,6,836,2,6,9000,800,5008.5005,46,0,0,-11.025,2,0,0,0,0,1.0,5009,0,0
2024-01-31 22:15:56.961427,2352,6,836,2,6,9000,800,5009.167,46,0,0,-8.9679,2,0,100,0,0,1.0,5009,0,0
2024-01-31 22:15:55.461157,2352,6,836,2,6,9000,800,5017.1255,46,0,0,-11.025,2,0,0,0,0,1.0,5017,0,0
2024-01-31 22:15:55.377827,2352,6,836,2,6,9000,800,5019.6729,47,0,0,-11.025,2,0,0,0,0,1.0,5020,0,0
2024-01-31 22:15:55.394228,2352,6,836,2,6,9000,800,5020.0088,47,0,0,-11.025,2,0,0,0,0,1.0,5020,0,0
2024-01-31 22:15:55.360428,2352,6,836,2,6,9000,800,5022.7212,47,0,0,-11.025,2,0,0,0,0,1.0,5023,0,0
2024-01-31 22:15:55.411198,2352,6,836,2,6,9000,800,5022.8364,47,0,0,-11.025,2,0,0,0,0,1.0,5023,0,0
2024-01-31 22:15:55.444763,2352,6,836,2,6,9000,800,5022.7959,46,0,0,-11.025,2,0,0,0,0,1.0,5023,0,0
2024-01-31 22:15:55.427910,2352,6,836,2,6,9000,800,5024.729,46,0,0,-11.025,2,0,0,0,0,1.0,5025,0,0
2024-01-31 22:15:55.344694,2352,6,836,2,6,9000,800,5029.2129,47,0,0,-11.025,2,0,0,0,0,1.0,5029,0,0
2024-01-31 22:15:55.215121,2352,6,836,2,6,9000,800,5034.6992,48,0,0,-11.025,2,0,0,0,0,1.0,5035,0,0
2024-01-31 22:15:55.328236,2352,6,836,2,6,9000,800,5034.874,47,0,0,-11.025,2,0,0,0,0,1.0,5035,0,0
2024-01-31 22:16:00.011603,2352,6,836,2,6,9000,800,5035.3472,44,641.7874,670.2846,15.4349,2,100,0,0,0,1.0,5035,642,670
2024-01-31 22:15:55.180121,2352,6,836,2,6,9000,800,5039.4932,48,0,0,-11.025,2,0,0,0,0,1.0,5039,0,0
2024-01-31 22:15:55.311298,2352,6,836,2,6,9000,800,5040.7905,47,0,0,-11.025,2,0,0,0,0,1.0,5041,0,0
2024-01-31 22:15:55.294803,2352,6,836,2,6,9000,800,5048.2817,47,0,0,-11.025,2,0,0,0,0,1.0,5048,0,0
2024-01-31 22:15:55.232613,2352,6,836,2,6,9000,800,5058.4175,48,0,0,-11.025,2,0,0,0,0,1.0,5058,0,0
2024-01-31 22:15:55.280270,2352,6,836,2,6,9000,800,5057.7114,47,0,0,-11.025,2,0,0,0,0,1.0,5058,0,0
2024-01-31 22:15:55.130947,2352,6,836,2,6,9000,800,5064.373,49,0,0,-11.025,2,0,0,0,0,1.0,5064,0,0
2024-01-31 22:15:55.263318,2352,6,836,2,6,9000,800,5066.2192,47,0,0,-11.025,2,0,0,0,0,1.0,5066,0,0
2024-01-31 22:16:00.028050,2352,6,836,2,6,9000,800,5067.8564,45,644.6982,669.0559,15.435,2,100,0,0,0,1.0,5068,645,669
2024-01-31 22:15:55.252823,2352,6,836,2,6,9000,800,5068.9668,48,0,0,-11.025,2,0,0,0,0,1.0,5069,0,0
2024-01-31 22:15:55.114447,2352,6,836,2,6,9000,800,5077.0718,49,0,0,-11.025,2,0,0,0,0,1.0,5077,0,0
2024-01-31 22:15:55.096675,2352,6,836,2,6,9000,800,5088.2769,49,0,0,-11.025,2,0,0,0,0,1.0,5088,0,0
2024-01-31 22:16:00.044019,2352,6,836,2,6,9000,800,5106.9375,45,648.1261,667.6595,15.435,2,100,0,0,0,1.0,5107,648,668
2024-01-31 22:15:55.078591,2352,6,836,2,6,9000,800,5107.6929,49,0,0,-11.025,2,0,0,0,0,1.0,5108,0,0
2024-01-31 22:15:55.061471,2352,6,836,2,6,9000,800,5120.4731,50,0,0,-11.025,2,0,0,0,0,1.0,5120,0,0
2024-01-31 22:15:55.044498,2352,6,836,2,6,9000,800,5125.4355,50,0,0,-11.025,2,0,0,0,0,1.0,5125,0,0
2024-01-31 22:15:56.594242,2352,6,836,2,6,9000,800,5145.0669,45,640.6888,658.6949,14.5538,2,100,0,0,0,1.0,5145,641,659
2024-01-31 22:15:55.027958,2352,6,836,2,6,9000,800,5146.7095,50,0,0,-11.025,2,0,0,0,0,1.0,5147,0,0
2024-01-31 22:16:00.061453,2352,6,836,2,6,9000,800,5156.1357,45,652.1729,665.476,15.435,2,100,0,0,0,1.0,5156,652,665
2024-01-31 22:15:32.961996,2352,6,836,2,6,9000,800,5170.1426,51,564.7342,564.897,6.828,2,100,0,0,0,1.0,5170,565,565
2024-01-31 22:17:54.191615,2352,6,836,2,6,9000,800,5174.4922,53,610.1585,620.718,11.3758,2,100,0,0,0,1.0,5174,610,621
2024-01-31 22:15:55.011084,2352,6,836,2,6,9000,800,5179.7573,50,0,0,-11.025,2,0,0,0,0,1.0,5180,0,0
2024-01-31 22:15:56.495120,2352,6,836,2,6,9000,800,5181.334,43,613.4833,616.0216,11.3625,2,100,0,0,0,1.0,5181,613,616
2024-01-31 22:15:54.994990,2352,6,836,2,6,9000,800,5194.8955,50,0,0,-11.025,2,0,0,0,0,1.0,5195,0,0
2024-01-31 22:15:54.978167,2352,6,836,2,6,9000,800,5211.1201,51,0,0,-11.025,2,0,0,0,0,1.0,5211,0,0
2024-01-31 22:16:00.078458,2352,6,836,2,6,9000,800,5212.5181,46,657.2944,663.7175,15.435,2,100,0,0,0,1.0,5213,657,664
2024-01-31 22:15:56.394550,2352,6,836,2,6,9000,800,5227.3428,42,367.5518,373.553,-3.369,2,81,0,0,0,1.0,5227,368,374
2024-01-31 22:15:56.895048,2352,6,836,2,6,9000,800,5232.9448,48,0,0,-5.3122,2,0,46,0,0,1.0,5233,0,0
2024-01-31 22:17:54.174794,2352,6,836,2,6,9000,800,5236.2837,53,604.5798,601.5989,10.1936,2,100,0,0,0,1.0,5236,605,602
2024-01-31 22:15:54.961096,2352,6,836,2,6,9000,800,5238.0303,51,0,0,-11.025,2,0,0,0,0,1.0,5238,0,0
2024-01-31 22:15:54.745013,2352,6,836,2,6,9000,800,5239.2549,54,0,0,-11.025,2,0,33,0,0,1.0,5239,0,0
2024-01-31 22:15:56.944680,2352,6,836,2,6,9000,800,5238.8735,47,0,0,-8.3696,2,0,100,0,0,1.0,5239,0,0
2024-01-31 22:15:54.928085,2352,6,836,2,6,9000,800,5249.4746,51,0,0,-11.025,2,0,0,0,0,1.0,5249,0,0
2024-01-31 22:15:54.911342,2352,6,836,2,6,9000,800,5251.8921,52,0,0,-11.025,2,0,0,0,0,1.0,5252,0,0
2024-01-31 22:15:54.944633,2352,6,836,2,6,9000,800,5255.312,51,0,0,-11.025,2,0,0,0,0,1.0,5255,0,0
2024-01-31 22:15:54.761921,2352,6,836,2,6,9000,800,5259.5596,54,0,0,-11.025,2,0,0,0,0,1.0,5260,0,0
2024-01-31 22:15:54.727992,2352,6,836,2,6,9000,800,5263.7314,54,0,0,-11.025,2,0,100,0,0,1.0,5264,0,0
2024-01-31 22:15:54.894447,2352,6,836,2,6,9000,800,5272.4834,52,0,0,-11.025,2,0,0,0,0,1.0,5272,0,0
2024-01-31 22:15:33.012077,2352,6,836,2,6,9000,800,5280.3564,53,617.1497,621.5321,11.4343,2,100,0,0,0,1.0,5280,617,622
2024-01-31 22:15:54.878091,2352,6,836,2,6,9000,800,5285.1958,52,0,0,-11.025,2,0,0,0,0,1.0,5285,0,0
2024-01-31 22:15:54.777690,2352,6,836,2,6,9000,800,5291.2554,54,0,0,-11.025,2,0,0,0,0,1.0,5291,0,0
2024-01-31 22:16:00.094396,2352,6,836,2,6,9000,800,5291.396,46,663.9712,660.7641,15.435,2,100,0,0,0,1.0,5291,664,661
2024-01-31 22:15:54.860971,2352,6,836,2,6,9000,800,5298.0332,52,0,0,-11.025,2,0,0,0,0,1.0,5298,0,0
2024-01-31 22:15:54.794329,2352,6,836,2,6,9000,800,5312.6426,53,0,0,-11.025,2,0,0,0,0,1.0,5313,0,0
2024-01-31 22:15:54.711239,2352,6,836,2,6,9000,800,5314.0522,55,0,0,-11.025,2,0,100,0,0,1.0,5314,0,0
2024-01-31 22:15:56.777966,2352,6,836,2,6,9000,800,5322.9487,48,566.7778,558.5951,15.3819,2,86,0,0,0,1.0,5323,567,559
2024-01-31 22:15:54.844521,2352,6,836,2,6,9000,800,5324.1592,53,0,0,-11.025,2,0,0,0,0,1.0,5324,0,0
2024-01-31 22:15:54.810804,2352,6,836,2,6,9000,800,5334.3071,53,0,0,-11.025,2,0,0,0,0,1.0,5334,0,0
2024-01-31 22:15:54.694728,2352,6,836,2,6,9000,800,5340.9536,55,0,0,-11.025,2,0,100,0,0,1.0,5341,0,0
2024-01-31 22:15:54.828182,2352,6,836,2,6,9000,800,5346.7729,53,0,0,-11.025,2,0,0,0,0,1.0,5347,0,0
2024-01-31 22:15:56.611731,2352,6,836,2,6,9000,800,5352.8242,45,660.2607,651.3897,14.7564,2,100,0,0,0,1.0,5353,660,651
2024-01-31 22:16:00.111372,2352,6,836,2,6,9000,800,5360.4814,47,669.8915,657.7696,15.435,2,100,0,0,0,1.0,5360,670,658
2024-01-31 22:17:54.208483,2352,6,836,2,6,9000,800,5365.0054,53,634.1979,626.1268,12.2923,2,100,0,0,0,1.0,5365,634,626
2024-01-31 22:15:54.678240,2352,6,836,2,6,9000,800,5374.042,55,0,0,-11.025,2,0,100,0,0,1.0,5374,0,0
2024-01-31 22:15:56.928116,2352,6,836,2,6,9000,800,5389.8643,47,0,0,-7.597,2,0,100,0,0,1.0,5390,0,0
2024-01-31 22:15:56.743963,2352,6,836,2,6,9000,800,5392.5688,48,672.0954,654.2165,15.3464,2,100,0,0,0,1.0,5393,672,654
2024-01-31 22:15:56.761461,2352,6,836,2,6,9000,800,5398.8628,48,672.4733,654.8976,15.3664,2,100,0,0,0,1.0,5399,672,655
2024-01-31 22:16:00.127827,2352,6,836,2,6,9000,800,5411.6006,47,674.2468,655.413,15.435,2,100,0,0,0,1.0,5412,674,655
2024-01-31 22:15:54.661698,2352,6,836,2,6,9000,800,5412.8315,55,0,0,-11.025,2,0,100,0,0,1.0,5413,0,0
2024-01-31 22:15:56.911610,2352,6,836,2,6,9000,800,5415.0474,48,0,0,-6.5997,2,0,100,0,0,1.0,5415,0,0
2024-01-31 22:15:54.647101,2352,6,836,2,6,9000,800,5432.4702,56,0,0,-11.025,2,0,100,0,0,1.0,5432,0,0
2024-01-31 22:16:00.161858,2352,6,836,2,6,9000,800,5433.4351,48,676.2801,653.8746,15.435,2,100,0,0,0,1.0,5433,676,654
2024-01-31 22:15:54.627962,2352,6,836,2,6,9000,800,5435.146,56,0,0,-11.025,2,0,100,0,0,1.0,5435,0,0
2024-01-31 22:15:56.728479,2352,6,836,2,6,9000,800,5436.6147,47,675.6479,651.5541,15.3206,2,100,0,0,0,1.0,5437,676,652
2024-01-31 22:16:00.144801,2352,6,836,2,6,9000,800,5437.9497,48,676.5152,653.9984,15.435,2,100,0,0,0,1.0,5438,677,654
2024-01-31 22:16:00.177804,2352,6,836,2,6,9000,800,5440.7827,48,676.7602,653.7433,15.435,2,100,0,0,0,1.0,5441,677,654
2024-01-31 22:15:54.611920,2352,6,836,2,6,9000,800,5459.6587,56,0,0,-11.025,2,0,100,0,0,1.0,5460,0,0
2024-01-31 22:15:56.478130,2352,6,836,2,6,9000,800,5494.9429,43,624.2779,590.9729,10.1776,2,100,0,0,0,1.0,5495,624,591
2024-01-31 22:15:54.594929,2352,6,836,2,6,9000,800,5498.0796,56,0,0,-11.025,2,0,100,0,0,1.0,5498,0,0
2024-01-31 22:15:56.628250,2352,6,836,2,6,9000,800,5509.1191,45,675.7312,646.9699,14.906,2,100,0,0,0,1.0,5509,676,647
2024-01-31 22:15:56.711447,2352,6,836,2,6,9000,800,5512.9224,47,681.4626,647.7737,15.2874,2,100,0,0,0,1.0,5513,681,648
2024-01-31 22:15:54.578180,2352,6,836,2,6,9000,800,5514.4248,57,0,0,-11.025,2,0,100,0,0,1.0,5514,0,0
2024-01-31 22:16:00.194293,2352,6,836,2,6,9000,800,5533.0576,49,683.7305,650.9525,15.435,2,100,0,0,0,1.0,5533,684,651
2024-01-31 22:15:54.571074,2352,6,836,2,6,9000,800,5535.002,57,0,0,-11.025,2,0,100,0,0,1.0,5535,0,0
2024-01-31 22:15:54.548089,2352,6,836,2,6,9000,800,5571.3379,57,0,0,-11.025,2,0,100,0,0,1.0,5571,0,0
2024-01-31 22:15:56.694514,2352,6,836,2,6,9000,800,5594.8174,47,687.3113,643.9559,15.2445,2,100,0,0,0,1.0,5595,687,644
2024-01-31 22:16:00.210918,2352,6,836,2,6,9000,800,5615.9409,49,690.2779,647.2468,15.435,2,100,0,0,0,1.0,5616,690,647
2024-01-31 22:17:54.158325,2352,6,836,2,6,9000,800,5620.5459,52,623.3472,574.6649,8.675,2,100,0,0,0,1.0,5621,623,575
2024-01-31 22:15:54.528104,2352,6,836,2,6,9000,800,5634.9526,57,0,0,-11.025,2,0,100,0,0,1.0,5635,0,0
2024-01-31 22:15:56.644772,2352,6,836,2,6,9000,800,5634.8647,46,687.1138,642.364,15.0253,2,100,0,0,0,1.0,5635,687,642
2024-01-31 22:15:54.511621,2352,6,836,2,6,9000,800,5652.1938,58,0,0,-11.025,2,0,100,0,0,1.0,5652,0,0
2024-01-31 22:15:56.677604,2352,6,836,2,6,9000,800,5656.6123,46,691.2441,641.157,15.189,2,100,0,0,0,1.0,5657,691,641
2024-01-31 22:15:56.410972,2352,6,836,2,6,9000,800,5670.8047,42,527.5452,494.0483,0.8464,2,100,0,0,0,1.0,5671,528,494
2024-01-31 22:15:54.494619,2352,6,836,2,6,9000,800,5672.0488,58,0,0,-11.025,2,0,100,0,0,1.0,5672,0,0
2024-01-31 22:15:56.661280,2352,6,836,2,6,9000,800,5678.9512,46,691.8616,640.2645,15.1176,2,100,0,0,0,1.0,5679,692,640
2024-01-31 22:17:54.224991,2352,6,836,2,6,9000,800,5684.3413,54,665.7746,620.7946,13.0033,2,100,0,0,0,1.0,5684,666,621
2024-01-31 22:16:00.227898,2352,6,836,2,6,9000,800,5684.9648,50,695.6199,644.0253,15.435,2,100,0,0,0,1.0,5685,696,644
2024-01-31 22:15:54.478012,2352,6,836,2,6,9000,800,5704.8218,58,0,0,-11.025,2,0,100,0,0,1.0,5705,0,0
2024-01-31 22:15:33.028988,2352,6,836,2,6,9000,800,5707.0059,53,660.0293,615.5571,12.3349,2,100,0,0,0,1.0,5707,660,616
2024-01-31 22:16:00.311089,2352,6,836,2,6,9000,800,5722.7891,52,698.6639,641.3631,15.435,2,100,0,0,0,1.0,5723,699,641
2024-01-31 22:15:54.461547,2352,6,836,2,6,9000,800,5730.582,58,0,0,-11.025,2,0,100,0,0,1.0,5731,0,0
2024-01-31 22:15:54.448962,2352,6,836,2,6,9000,800,5735.9863,59,0,0,-11.025,2,0,100,0,0,1.0,5736,0,0
2024-01-31 22:16:00.244345,2352,6,836,2,6,9000,800,5739.4463,50,699.7702,641.3934,15.435,2,100,0,0,0,1.0,5739,700,641
2024-01-31 22:16:00.294984,2352,6,836,2,6,9000,800,5740.4521,51,700.4509,640.3757,15.435,2,100,0,0,0,1.0,5740,700,640
2024-01-31 22:16:00.328090,2352,6,836,2,6,9000,800,5746.1064,52,700.0052,640.645,15.435,2,100,0,0,0,1.0,5746,700,641
2024-01-31 22:15:54.427952,2352,6,836,2,6,9000,800,5772.0776,59,0,0,-11.025,2,0,100,0,0,1.0,5772,0,0
2024-01-31 22:16:00.260786,2352,6,836,2,6,9000,800,5775.729,50,702.5014,639.5195,15.435,2,100,0,0,0,1.0,5776,703,640
2024-01-31 22:15:56.461588,2352,6,836,2,6,9000,800,5794.6382,43,626.6899,564.3459,8.6557,2,100,0,0,0,1.0,5795,627,564
2024-01-31 22:16:00.277994,2352,6,836,2,6,9000,800,5796.0171,51,704.0191,638.4203,15.435,2,100,0,0,0,1.0,5796,704,638
2024-01-31 22:16:00.344040,2352,6,836,2,6,9000,800,5806.877,53,704.0841,638.1655,15.435,2,100,0,0,0,1.0,5807,704,638
2024-01-31 22:15:54.410939,2352,6,836,2,6,9000,800,5822.2139,59,0,0,-11.025,2,0,100,0,0,1.0,5822,0,0
2024-01-31 22:15:54.394621,2352,6,836,2,6,9000,800,5852.4131,59,0,0,-11.025,2,0,100,0,0,1.0,5852,0,0
2024-01-31 22:15:54.378003,2352,6,836,2,6,9000,800,5866.0698,60,0,0,-11.025,2,0,100,0,0,1.0,5866,0,0
2024-01-31 22:15:54.361553,2352,6,836,2,6,9000,800,5894.1729,60,0,0,-11.025,2,0,100,0,0,1.0,5894,0,0
2024-01-31 22:16:00.360444,2352,6,836,2,6,9000,800,5895.5259,53,710.7868,635.111,15.435,2,100,0,0,0,1.0,5896,711,635
2024-01-31 22:15:32.945829,2352,6,836,2,6,9000,800,5914.1416,51,603.6541,524.9776,5.4746,2,100,0,0,0,1.0,5914,604,525
2024-01-31 22:15:56.427992,2352,6,836,2,6,9000,800,5921.7559,42,580.7315,517.4854,4.1337,2,100,0,0,0,1.0,5922,581,517
2024-01-31 22:15:54.345423,2352,6,836,2,6,9000,800,5925.8408,60,0,0,-11.025,2,0,100,0,0,1.0,5926,0,0
2024-01-31 22:15:54.328040,2352,6,836,2,6,9000,800,5941.6431,60,0,0,-11.025,2,0,100,0,0,1.0,5942,0,0
2024-01-31 22:15:56.444691,2352,6,836,2,6,9000,800,5957.3223,42,613.1222,539.856,6.6807,2,100,0,0,0,1.0,5957,613,540
2024-01-31 22:15:54.311572,2352,6,836,2,6,9000,800,5967.3149,61,0,0,-11.025,2,0,100,0,0,1.0,5967,0,0
2024-01-31 22:16:00.377933,2352,6,836,2,6,9000,800,5994.4258,53,716.9521,629.8013,15.435,2,100,0,0,0,1.0,5994,717,630
2024-01-31 22:15:54.294572,2352,6,836,2,6,9000,800,6015.5767,61,0,0,-11.025,2,0,100,0,0,1.0,6016,0,0
2024-01-31 22:17:54.241425,2352,6,836,2,6,9000,800,6038.1777,54,697.7285,612.9352,13.5482,2,100,0,0,0,1.0,6038,698,613
2024-01-31 22:15:54.278122,2352,6,836,2,6,9000,800,6061.0879,61,0,0,-11.025,2,0,100,0,0,1.0,6061,0,0
2024-01-31 22:15:54.261624,2352,6,836,2,6,9000,800,6085.3901,61,0,0,-11.025,2,0,100,0,0,1.0,6085,0,0
2024-01-31 22:16:00.394947,2352,6,836,2,6,9000,800,6085.1025,54,723.7356,626.2793,15.435,2,100,0,0,0,1.0,6085,724,626
2024-01-31 22:15:54.244706,2352,6,836,2,6,9000,800,6112.8096,62,0,0,-11.025,2,0,100,0,0,1.0,6113,0,0
2024-01-31 22:15:33.045550,2352,6,836,2,6,9000,800,6131.9785,53,697.6958,604.2575,13.0351,2,100,0,0,0,1.0,6132,698,604
2024-01-31 22:15:54.228245,2352,6,836,2,6,9000,800,6146.8159,62,0,0,-11.025,2,0,100,0,0,1.0,6147,0,0
2024-01-31 22:16:00.410881,2352,6,836,2,6,9000,800,6153.5308,54,728.1994,622.7141,15.435,2,100,0,0,0,1.0,6154,728,623
2024-01-31 22:15:54.211293,2352,6,836,2,6,9000,800,6176.4756,62,0,0,-11.025,2,0,100,0,0,1.0,6176,0,0
2024-01-31 22:15:54.194819,2352,6,836,2,6,9000,800,6192.3374,62,0,0,-11.025,2,0,100,0,0,1.0,6192,0,0
2024-01-31 22:16:00.427994,2352,6,836,2,6,9000,800,6204.1265,54,731.4073,620.0561,15.435,2,100,0,0,0,1.0,6204,731,620
2024-01-31 22:15:33.178958,2352,6,836,2,6,9000,800,6221.9819,56,728.7092,615.3537,15.1233,2,100,0,0,0,1.0,6222,729,615
2024-01-31 22:15:54.177892,2352,6,836,2,6,9000,800,6222.4995,63,0,0,-11.025,2,0,100,0,0,1.0,6222,0,0
2024-01-31 22:15:33.161951,2352,6,836,2,6,9000,800,6238.1851,56,728.6315,612.9202,15.0328,2,100,0,0,0,1.0,6238,729,613
2024-01-31 22:16:00.444041,2352,6,836,2,6,9000,800,6237.7793,55,733.484,618.2192,15.435,2,100,0,0,0,1.0,6238,733,618
2024-01-31 22:15:33.195520,2352,6,836,2,6,9000,800,6245.3892,57,730.8301,615.3596,15.1946,2,100,0,0,0,1.0,6245,731,615
2024-01-31 22:17:54.141242,2352,6,836,2,6,9000,800,6259.2827,52,629.6991,518.6019,6.7088,2,100,0,0,0,1.0,6259,630,519
2024-01-31 22:15:54.161414,2352,6,836,2,6,9000,800,6260.7158,63,0,0,-11.025,2,0,100,0,0,1.0,6261,0,0
2024-01-31 22:16:00.461486,2352,6,836,2,6,9000,800,6262.2334,55,734.9659,616.948,15.435,2,100,0,0,0,1.0,6262,735,617
2024-01-31 22:17:54.374775,2352,6,836,2,6,9000,800,6273.2959,57,732.6258,612.9991,15.19,2,100,0,0,0,1.0,6273,733,613
2024-01-31 22:17:54.391290,2352,6,836,2,6,9000,800,6272.5908,58,733.2102,614.4763,15.2453,2,100,0,0,0,1.0,6273,733,614
2024-01-31 22:16:00.477631,2352,6,836,2,6,9000,800,6284.6567,56,736.3067,615.8946,15.435,2,100,0,0,0,1.0,6285,736,616
2024-01-31 22:15:54.145990,2352,6,836,2,6,9000,800,6297.2397,63,0,0,-11.025,2,0,100,0,0,1.0,6297,0,0
2024-01-31 22:15:33.145481,2352,6,836,2,6,9000,800,6303.6353,55,731.1391,607.7412,14.9158,2,100,0,0,0,1.0,6304,731,608
2024-01-31 22:15:33.212501,2352,6,836,2,6,9000,800,6306.2246,57,735.2833,613.7329,15.248,2,100,0,0,0,1.0,6306,735,614
2024-01-31 22:16:00.494531,2352,6,836,2,6,9000,800,6314.1509,56,737.8221,614.3197,15.435,2,100,0,0,0,1.0,6314,738,614
2024-01-31 22:15:54.128026,2352,6,836,2,6,9000,800,6324.1738,63,0,0,-11.025,2,0,100,0,0,1.0,6324,0,0
2024-01-31 22:17:54.358144,2352,6,836,2,6,9000,800,6328.0425,57,735.0201,608.7869,15.1186,2,100,0,0,0,1.0,6328,735,609
2024-01-31 22:17:54.408213,2352,6,836,2,6,9000,800,6328.5879,58,737.0636,613.0996,15.288,2,100,0,0,0,1.0,6329,737,613
2024-01-31 22:16:00.510990,2352,6,836,2,6,9000,800,6347.6216,56,740.0348,613.0476,15.435,2,100,0,0,0,1.0,6348,740,613
2024-01-31 22:17:54.257943,2352,6,836,2,6,9000,800,6348.8887,54,722.4422,602.1539,13.9722,2,100,0,0,0,1.0,6349,722,602
2024-01-31 22:15:54.111529,2352,6,836,2,6,9000,800,6356.0376,64,0,0,-11.025,2,0,100,0,0,1.0,6356,0,0
2024-01-31 22:16:00.527471,2352,6,836,2,6,9000,800,6385.3828,57,742.2292,611.2958,15.435,2,100,0,0,0,1.0,6385,742,611
2024-01-31 22:15:54.094548,2352,6,836,2,6,9000,800,6387.5054,64,0,0,-11.025,2,0,100,0,0,1.0,6388,0,0
2024-01-31 22:15:33.228499,2352,6,836,2,6,9000,800,6407.999,57,741.7733,609.8047,15.2901,2,100,0,0,0,1.0,6408,742,610
2024-01-31 22:15:54.078476,2352,6,836,2,6,9000,800,6408.0889,64,0,0,-11.025,2,0,100,0,0,1.0,6408,0,0
2024-01-31 22:15:33.128519,2352,6,836,2,6,9000,800,6419.521,55,735.9245,600.1763,14.7648,2,100,0,0,0,1.0,6420,736,600
2024-01-31 22:15:54.061856,2352,6,836,2,6,9000,800,6423.3457,64,0,0,-11.025,2,0,100,0,0,1.0,6423,0,0
2024-01-31 22:17:54.425221,2352,6,836,2,6,9000,800,6426.3359,58,743.1686,609.2958,15.3212,2,100,0,0,0,1.0,6426,743,609
2024-01-31 22:16:00.544444,2352,6,836,2,6,9000,800,6429.6338,57,744.7636,609.2415,15.435,2,100,0,0,0,1.0,6430,745,609
2024-01-31 22:17:54.341179,2352,6,836,2,6,9000,800,6430.2451,56,739.7237,602.576,15.0267,2,100,0,0,0,1.0,6430,740,603
2024-01-31 22:15:54.046092,2352,6,836,2,6,9000,800,6448.9341,65,0,0,-11.025,2,0,100,0,0,1.0,6449,0,0
2024-01-31 22:15:33.061812,2352,6,836,2,6,9000,800,6450.7729,53,723.5189,593.2502,13.575,2,100,0,0,0,1.0,6451,724,593
2024-01-31 22:16:00.561213,2352,6,836,2,6,9000,800,6472.2896,58,747.1455,607.1396,15.435,2,100,0,0,0,1.0,6472,747,607
2024-01-31 22:15:54.027983,2352,6,836,2,6,9000,800,6487.626,65,0,0,-11.0249,2,0,100,0,0,1.0,6488,0,0
2024-01-31 22:15:54.011892,2352,6,836,2,6,9000,800,6512.3257,65,0,0,-11.0249,2,0,100,0,0,1.0,6512,0,0
2024-01-31 22:15:33.246122,2352,6,836,2,6,9000,800,6512.9487,58,748.081,604.9905,15.3227,2,100,0,0,0,1.0,6513,748,605
2024-01-31 22:16:00.578162,2352,6,836,2,6,9000,800,6516.7241,58,749.2008,604.5743,15.435,2,100,0,0,0,1.0,6517,749,605
2024-01-31 22:15:53.995433,2352,6,836,2,6,9000,800,6530.0718,65,0,0,-11.0249,2,0,100,0,0,1.0,6530,0,0
2024-01-31 22:17:54.324755,2352,6,836,2,6,9000,800,6541.9551,56,744.3474,596.2271,14.908,2,100,0,0,0,1.0,6542,744,596
2024-01-31 22:17:54.441688,2352,6,836,2,6,9000,800,6542.7153,59,749.9961,604.0501,15.3468,2,100,0,0,0,1.0,6543,750,604
2024-01-31 22:15:33.112028,2352,6,836,2,6,9000,800,6549.0742,54,740.5678,592.1866,14.57,2,100,0,0,0,1.0,6549,741,592
2024-01-31 22:15:53.977962,2352,6,836,2,6,9000,800,6548.7603,66,0,0,-11.0249,2,0,100,0,0,1.0,6549,0,0
2024-01-31 22:17:54.275213,2352,6,836,2,6,9000,800,6555.5195,55,737.1857,592.7503,14.3028,2,100,0,0,0,1.0,6556,737,593
2024-01-31 22:16:00.594716,2352,6,836,2,6,9000,800,6562.5962,58,752.0572,602.7563,15.435,2,100,0,0,0,1.0,6563,752,603
2024-01-31 22:15:53.961464,2352,6,836,2,6,9000,800,6576.3218,66,0,0,-11.0248,2,0,100,0,0,1.0,6576,0,0
2024-01-31 22:15:53.945473,2352,6,836,2,6,9000,800,6591.9434,66,0,0,-11.0248,2,0,100,0,0,1.0,6592,0,0
2024-01-31 22:15:33.261519,2352,6,836,2,6,9000,800,6606.3906,58,753.3944,600.3855,15.3481,2,100,0,0,0,1.0,6606,753,600
2024-01-31 22:15:53.928050,2352,6,836,2,6,9000,800,6617.9399,66,0,0,-11.0247,2,0,100,0,0,1.0,6618,0,0
2024-01-31 22:16:00.610708,2352,6,836,2,6,9000,800,6621.2622,59,755.172,600.0355,15.435,2,100,0,0,0,1.0,6621,755,600
2024-01-31 22:17:54.308290,2352,6,836,2,6,9000,800,6622.9551,55,746.7657,591.6214,14.7544,2,100,0,0,0,1.0,6623,747,592
2024-01-31 22:15:33.078781,2352,6,836,2,6,9000,800,6624.564,53,737.8484,586.7178,13.9951,2,100,0,0,0,1.0,6625,738,587
2024-01-31 22:17:54.291712,2352,6,836,2,6,9000,800,6636.3755,55,745.2052,590.4054,14.5563,2,100,0,0,0,1.0,6636,745,590
2024-01-31 22:15:33.095538,2352,6,836,2,6,9000,800,6643.041,54,743.2873,587.3216,14.3203,2,100,0,0,0,1.0,6643,743,587
2024-01-31 22:17:54.458038,2352,6,836,2,6,9000,800,6656.2671,59,756.2356,598.4815,15.3666,2,100,0,0,0,1.0,6656,756,598
2024-01-31 22:15:53.911414,2352,6,836,2,6,9000,800,6657.7935,66,0,0,-11.0247,2,0,100,0,0,1.0,6658,0,0
2024-01-31 22:15:33.278998,2352,6,836,2,6,9000,800,6668.1294,58,756.7534,596.9837,15.3676,2,100,0,0,0,1.0,6668,757,597
2024-01-31 22:16:00.628218,2352,6,836,2,6,9000,800,6670.7397,59,757.6819,597.4149,15.435,2,100,0,0,0,1.0,6671,758,597
2024-01-31 22:15:33.295046,2352,6,836,2,6,9000,800,6689.7344,59,757.7995,595.3091,15.383,2,100,0,0,0,1.0,6690,758,595
2024-01-31 22:15:53.894338,2352,6,836,2,6,9000,800,6697.1621,67,0,0,-11.0246,2,0,100,0,0,1.0,6697,0,0
2024-01-31 22:15:33.328538,2352,6,836,2,6,9000,800,6700.3735,60,758.652,594.9001,15.4036,2,100,0,0,0,1.0,6700,759,595
2024-01-31 22:15:33.311477,2352,6,836,2,6,9000,800,6701.5312,59,758.6396,594.8755,15.3947,2,100,0,0,0,1.0,6702,759,595
2024-01-31 22:16:00.644855,2352,6,836,2,6,9000,800,6712.1387,60,759.7402,595.2158,15.435,2,100,0,0,0,1.0,6712,760,595
2024-01-31 22:15:53.878462,2352,6,836,2,6,9000,800,6718.9722,67,0,0,-11.0245,2,0,100,0,0,1.0,6719,0,0
2024-01-31 22:15:33.346077,2352,6,836,2,6,9000,800,6729.3428,60,759.9537,593.7124,15.4107,2,100,0,0,0,1.0,6729,760,594
2024-01-31 22:15:53.860504,2352,6,836,2,6,9000,800,6735.2329,67,0,0,-11.0243,2,0,100,0,0,1.0,6735,0,0
2024-01-31 22:15:53.846079,2352,6,836,2,6,9000,800,6751.4116,67,0,0,-11.0241,2,0,100,0,0,1.0,6751,0,0
2024-01-31 22:16:00.661802,2352,6,836,2,6,9000,800,6751.9067,60,761.6761,593.1874,15.435,2,100,0,0,0,1.0,6752,762,593
2024-01-31 22:17:54.475199,2352,6,836,2,6,9000,800,6754.8892,59,761.3288,593.394,15.3821,2,100,0,0,0,1.0,6755,761,593
2024-01-31 22:15:53.827958,2352,6,836,2,6,9000,800,6757.9165,68,0,0,-11.0238,2,0,100,0,0,1.0,6758,0,0
2024-01-31 22:15:53.811997,2352,6,836,2,6,9000,800,6761.2563,68,0,0,-11.0235,2,0,100,0,0,1.0,6761,0,0
2024-01-31 22:15:33.362506,2352,6,836,2,6,9000,800,6768.708,60,762.2411,592.2483,15.4162,2,100,0,0,0,1.0,6769,762,592
2024-01-31 22:15:53.795051,2352,6,836,2,6,9000,800,6780.1353,68,0,0,-11.023,2,0,100,0,0,1.0,6780,0,0
2024-01-31 22:16:00.678061,2352,6,836,2,6,9000,800,6781.6567,60,763.0766,591.5494,15.435,2,100,0,0,0,1.0,6782,763,592
2024-01-31 22:16:00.694087,2352,6,836,2,6,9000,800,6802.2163,61,763.8204,590.1929,15.435,2,100,0,0,0,1.0,6802,764,590
2024-01-31 22:15:53.778126,2352,6,836,2,6,9000,800,6821.8945,68,0,0,-11.0225,2,0,100,0,0,1.0,6822,0,0
2024-01-31 22:17:54.491624,2352,6,836,2,6,9000,800,6821.9707,60,764.5962,589.6075,15.394,2,100,0,0,0,1.0,6822,765,590
2024-01-31 22:16:00.711406,2352,6,836,2,6,9000,800,6827.77,61,765.2332,589.2044,15.435,2,100,0,0,0,1.0,6828,765,589
2024-01-31 22:15:33.378980,2352,6,836,2,6,9000,800,6828.5435,61,765.1984,589.5816,15.4204,2,100,0,0,0,1.0,6829,765,590
2024-01-31 22:15:53.761186,2352,6,836,2,6,9000,800,6850.126,69,0,0,-11.0217,2,0,100,0,0,1.0,6850,0,0
2024-01-31 22:17:54.508215,2352,6,836,2,6,9000,800,6857.2114,60,766.2307,587.4205,15.4032,2,100,0,0,0,1.0,6857,766,587
2024-01-31 22:15:53.745729,2352,6,836,2,6,9000,800,6860.8311,69,0,0,-11.0208,2,0,100,0,0,1.0,6861,0,0
2024-01-31 22:16:00.727906,2352,6,836,2,6,9000,800,6869.2949,61,767.1986,587.3565,15.435,2,100,0,0,0,1.0,6869,767,587
2024-01-31 22:17:54.524657,2352,6,836,2,6,9000,800,6872.4346,61,766.8267,586.3396,15.4104,2,100,0,0,0,1.0,6872,767,586
2024-01-31 22:15:53.728303,2352,6,836,2,6,9000,800,6875.5186,69,0,0,-11.0196,2,0,100,0,0,1.0,6876,0,0
2024-01-31 22:15:33.394969,2352,6,836,2,6,9000,800,6883.9658,61,767.772,586.7143,15.4237,2,100,0,0,0,1.0,6884,768,587
2024-01-31 22:17:54.541580,2352,6,836,2,6,9000,800,6885.3687,61,767.5872,585.8735,15.4159,2,100,0,0,0,1.0,6885,768,586
2024-01-31 22:15:53.711329,2352,6,836,2,6,9000,800,6899.3706,69,0,0,-11.018,2,0,100,0,0,1.0,6899,0,0
2024-01-31 22:17:54.558062,2352,6,836,2,6,9000,800,6902.1587,61,768.4133,585.1423,15.4202,2,100,0,0,0,1.0,6902,768,585
2024-01-31 22:15:53.694897,2352,6,836,2,6,9000,800,6911.8789,70,0,0,-11.0159,2,0,100,0,0,1.0,6912,0,0
2024-01-31 22:16:00.744482,2352,6,836,2,6,9000,800,6914.2627,62,769.2415,585.1341,15.435,2,100,0,0,0,1.0,6914,769,585
2024-01-31 22:17:54.574896,2352,6,836,2,6,9000,800,6924.6465,62,769.2422,583.8918,15.4235,2,100,0,0,0,1.0,6925,769,584
2024-01-31 22:15:53.678472,2352,6,836,2,6,9000,800,6928.9175,70,0,0,-11.0133,2,0,100,0,0,1.0,6929,0,0
2024-01-31 22:15:33.412028,2352,6,836,2,6,9000,800,6931.4912,62,769.4326,583.7335,15.4263,2,100,0,0,0,1.0,6931,769,584
2024-01-31 22:17:54.591409,2352,6,836,2,6,9000,800,6952.3472,62,770.7325,582.8305,15.4261,2,100,0,0,0,1.0,6952,771,583
2024-01-31 22:16:00.761430,2352,6,836,2,6,9000,800,6954.7803,62,770.5793,582.5926,15.435,2,100,0,0,0,1.0,6955,771,583
2024-01-31 22:15:53.661469,2352,6,836,2,6,9000,800,6958.6357,70,0,0,-11.0099,2,0,100,0,0,1.0,6959,0,0
2024-01-31 22:15:32.929007,2352,6,836,2,6,9000,800,6967.0552,50,639.0137,472.8303,5.1934,2,100,0,0,0,1.0,6967,639,473
2024-01-31 22:15:33.428620,2352,6,836,2,6,9000,800,6975.5137,62,771.8285,581.894,15.4282,2,100,0,0,0,1.0,6976,772,582
2024-01-31 22:15:53.627918,2352,6,836,2,6,9000,800,6978.8491,71,0,0,-10.9998,2,0,100,0,0,1.0,6979,0,0
2024-01-31 22:15:53.644534,2352,6,836,2,6,9000,800,6980.4463,71,0,0,-11.0055,2,0,100,0,0,1.0,6980,0,0
2024-01-31 22:17:54.124275,2352,6,836,2,6,9000,800,6981.6211,51,627.0738,464.0836,4.1801,2,100,0,0,0,1.0,6982,627,464
2024-01-31 22:15:53.610936,2352,6,836,2,6,9000,800,6984.7661,71,0,0,-10.9925,2,0,100,0,0,1.0,6985,0,0
2024-01-31 22:17:54.608421,2352,6,836,2,6,9000,800,6989.9326,63,772.4175,581.0993,15.4281,2,100,0,0,0,1.0,6990,772,581
2024-01-31 22:16:00.777895,2352,6,836,2,6,9000,800,6996.4927,62,772.8044,580.8638,15.435,2,100,0,0,0,1.0,6996,773,581
2024-01-31 22:15:53.594536,2352,6,836,2,6,9000,800,7012.0781,71,0,0,-10.983,2,0,100,0,0,1.0,7012,0,0
2024-01-31 22:15:33.445265,2352,6,836,2,6,9000,800,7017.6748,62,773.2124,579.3148,15.4297,2,100,0,0,0,1.0,7018,773,579
2024-01-31 22:17:54.624854,2352,6,836,2,6,9000,800,7028.6475,63,774.0762,579.1651,15.4297,2,100,0,0,0,1.0,7029,774,579
2024-01-31 22:15:53.578011,2352,6,836,2,6,9000,800,7037.3916,72,0,0,-10.9708,2,0,100,0,0,1.0,7037,0,0
2024-01-31 22:16:00.794382,2352,6,836,2,6,9000,800,7050.1211,63,775.0999,578.2719,15.435,2,100,0,0,0,1.0,7050,775,578
2024-01-31 22:15:33.461926,2352,6,836,2,6,9000,800,7056.231,63,775.2287,577.6877,15.4309,2,100,0,0,0,1.0,7056,775,578
2024-01-31 22:15:53.561561,2352,6,836,2,6,9000,800,7057.96,72,0,0,-10.955,2,0,100,0,0,1.0,7058,0,0
2024-01-31 22:17:54.641290,2352,6,836,2,6,9000,800,7075.603,63,776.0596,576.8951,15.4309,2,100,0,0,0,1.0,7076,776,577
2024-01-31 22:15:53.545594,2352,6,836,2,6,9000,800,7084.0645,72,0,0,-10.9346,2,0,100,0,0,1.0,7084,0,0
2024-01-31 22:16:00.811217,2352,6,836,2,6,9000,800,7084.0947,63,776.0426,575.8938,15.435,2,100,0,0,0,1.0,7084,776,576
2024-01-31 22:15:33.477978,2352,6,836,2,6,9000,800,7098.5962,63,776.9775,575.5765,15.4318,2,100,0,0,0,1.0,7099,777,576
2024-01-31 22:15:53.528179,2352,6,836,2,6,9000,800,7108.8042,72,0,0,-10.9084,2,0,100,0,0,1.0,7109,0,0
2024-01-31 22:15:53.511240,2352,6,836,2,6,9000,800,7113.54,73,0,0,-10.8744,2,0,100,0,0,1.0,7114,0,0
2024-01-31 22:16:00.827654,2352,6,836,2,6,9000,800,7116.8325,64,777.6952,574.5263,15.435,2,100,0,0,0,1.0,7117,778,575
2024-01-31 22:15:53.495269,2352,6,836,2,6,9000,800,7120.8691,73,0,0,-10.8306,2,0,100,0,0,1.0,7121,0,0
2024-01-31 22:17:54.658002,2352,6,836,2,6,9000,800,7131.4971,64,778.3548,574.1363,15.4318,2,100,0,0,0,1.0,7131,778,574
2024-01-31 22:15:33.496332,2352,6,836,2,6,9000,800,7132.6646,63,777.9341,573.372,15.4326,2,100,0,0,0,1.0,7133,778,573
2024-01-31 22:15:53.478073,2352,6,836,2,6,9000,800,7147.0981,73,0,0,-10.7741,2,0,100,0,0,1.0,7147,0,0
2024-01-31 22:16:00.844730,2352,6,836,2,6,9000,800,7151.8755,64,778.6961,572.4159,15.435,2,100,0,0,0,1.0,7152,779,572
2024-01-31 22:15:33.511766,2352,6,836,2,6,9000,800,7164.0762,64,779.5042,572.0481,15.4331,2,100,0,0,0,1.0,7164,780,572
2024-01-31 22:15:53.461108,2352,6,836,2,6,9000,800,7174.522,74,0,0,-10.701,2,0,100,0,0,1.0,7175,0,0
2024-01-31 22:17:54.675076,2352,6,836,2,6,9000,800,7182.8066,64,780.3168,571.3636,15.4325,2,100,0,0,0,1.0,7183,780,571
2024-01-31 22:15:53.444690,2352,6,836,2,6,9000,800,7186.0762,74,0,0,-10.6069,2,0,100,0,0,1.0,7186,0,0
2024-01-31 22:16:00.861189,2352,6,836,2,6,9000,800,7188.6733,64,780.497,570.8988,15.435,2,100,0,0,0,1.0,7189,780,571
2024-01-31 22:15:33.528768,2352,6,836,2,6,9000,800,7198.6362,64,780.8422,570.3243,15.4335,2,100,0,0,0,1.0,7199,781,570
2024-01-31 22:15:53.427964,2352,6,836,2,6,9000,800,7204.1626,74,0,0,-10.4852,2,0,100,0,0,1.0,7204,0,0
2024-01-31 22:17:54.691230,2352,6,836,2,6,9000,800,7225.8315,64,781.8934,569.0002,15.4331,2,100,0,0,0,1.0,7226,782,569
2024-01-31 22:15:33.544875,2352,6,836,2,6,9000,800,7232.8711,64,782.118,568.5546,15.4339,2,100,0,0,0,1.0,7233,782,569
2024-01-31 22:15:53.411444,2352,6,836,2,6,9000,800,7243.4478,74,0,0,-10.3284,2,0,100,0,0,1.0,7243,0,0
2024-01-31 22:15:53.295063,2352,6,836,2,6,9000,800,7248.8379,77,0,0,-6.8613,2,0,100,0,0,1.0,7249,0,0
2024-01-31 22:16:00.878176,2352,6,836,2,6,9000,800,7255.8066,65,783.1551,567.8638,15.435,2,100,0,0,0,1.0,7256,783,568
2024-01-31 22:17:54.708176,2352,6,836,2,6,9000,800,7265.3335,65,783.3186,566.9021,15.4335,2,100,0,0,0,1.0,7265,783,567
2024-01-31 22:15:33.561851,2352,6,836,2,6,9000,800,7272.5024,65,783.5903,566.5792,15.4341,2,100,0,0,0,1.0,7273,784,567
2024-01-31 22:15:53.277536,2352,6,836,2,6,9000,800,7289.1626,77,0,0,-5.6521,2,0,100,0,0,1.0,7289,0,0
2024-01-31 22:15:53.394514,2352,6,836,2,6,9000,800,7296.9448,75,0,0,-10.1257,2,0,100,0,0,1.0,7297,0,0
2024-01-31 22:17:54.724878,2352,6,836,2,6,9000,800,7300.0796,65,784.5369,565.0403,15.4338,2,100,0,0,0,1.0,7300,785,565
2024-01-31 22:15:53.311453,2352,6,836,2,6,9000,800,7305.54,76,0,0,-7.8011,2,0,100,0,0,1.0,7306,0,0
2024-01-31 22:15:33.578858,2352,6,836,2,6,9000,800,7311.1143,65,784.9587,564.5567,15.4343,2,100,0,0,0,1.0,7311,785,565
2024-01-31 22:16:00.894634,2352,6,836,2,6,9000,800,7313.2827,65,785.1492,564.6886,15.435,2,100,0,0,0,1.0,7313,785,565
2024-01-31 22:17:54.741689,2352,6,836,2,6,9000,800,7333.7378,66,785.321,562.9502,15.4341,2,100,0,0,0,1.0,7334,785,563
2024-01-31 22:16:00.911082,2352,6,836,2,6,9000,800,7354.5972,65,786.4703,562.2668,15.435,2,100,0,0,0,1.0,7355,786,562
2024-01-31 22:15:33.596201,2352,6,836,2,6,9000,800,7357.2573,66,786.075,561.8018,15.4345,2,100,0,0,0,1.0,7357,786,562
2024-01-31 22:17:55.441407,2352,6,836,2,6,9000,800,7361.4146,79,0,0,7.243,2,100,0,0,0,1.0,7361,0,0
2024-01-31 22:15:53.378017,2352,6,836,2,6,9000,800,7367.6274,75,0,0,-9.865,2,0,100,0,0,1.0,7368,0,0
2024-01-31 22:17:54.758215,2352,6,836,2,6,9000,800,7371.748,66,787.03,561.3951,15.4343,2,100,0,0,0,1.0,7372,787,561
2024-01-31 22:16:00.945062,2352,6,836,2,6,9000,800,7390.1523,66,787.3825,559.7707,15.435,2,100,0,0,0,1.0,7390,787,560
2024-01-31 22:16:00.928093,2352,6,836,2,6,9000,800,7391.1846,66,787.6675,560.2755,15.435,2,100,0,0,0,1.0,7391,788,560
2024-01-31 22:16:00.961573,2352,6,836,2,6,9000,800,7400.6445,66,787.8222,559.4582,15.435,2,100,0,0,0,1.0,7401,788,559
2024-01-31 22:15:53.328007,2352,6,836,2,6,9000,800,7403.8789,76,0,0,-8.5258,2,0,100,0,0,1.0,7404,0,0
2024-01-31 22:15:53.261436,2352,6,836,2,6,9000,800,7411.6084,77,0,0,-4.0897,2,0,100,0,0,1.0,7412,0,0
2024-01-31 22:16:00.978548,2352,6,836,2,6,9000,800,7425.7832,67,788.4085,558.1159,15.435,2,100,0,0,0,1.0,7426,788,558
2024-01-31 22:17:54.774938,2352,6,836,2,6,9000,800,7425.7227,66,788.9179,558.8179,15.4345,2,100,0,0,0,1.0,7426,789,559
2024-01-31 22:15:33.612174,2352,6,836,2,6,9000,800,7427.5825,66,789.0817,558.9294,15.4346,2,100,0,0,0,1.0,7428,789,559
2024-01-31 22:15:53.361404,2352,6,836,2,6,9000,800,7439.9819,75,0,0,-9.5268,2,0,100,0,0,1.0,7440,0,0
2024-01-31 22:15:33.628751,2352,6,836,2,6,9000,800,7453.8315,66,789.6201,556.8529,15.4347,2,100,0,0,0,1.0,7454,790,557
2024-01-31 22:15:53.344482,2352,6,836,2,6,9000,800,7465.3857,76,0,0,-9.0904,2,0,100,0,0,1.0,7465,0,0
2024-01-31 22:16:00.994535,2352,6,836,2,6,9000,800,7466.3257,67,790.1402,556.5429,15.435,2,100,0,0,0,1.0,7466,790,557
2024-01-31 22:17:54.791684,2352,6,836,2,6,9000,800,7474.5332,67,790.4333,556.1743,15.4346,2,100,0,0,0,1.0,7475,790,556
2024-01-31 22:15:33.645274,2352,6,836,2,6,9000,800,7479.439,67,790.4236,555.5145,15.4348,2,100,0,0,0,1.0,7479,790,556
2024-01-31 22:15:33.661712,2352,6,836,2,6,9000,800,7504.2549,67,791.1849,554.2139,15.4348,2,100,0,0,0,1.0,7504,791,554
2024-01-31 22:17:55.424922,2352,6,836,2,6,9000,800,7515.5078,79,0,0,11.6713,2,100,0,0,0,1.0,7516,0,0
2024-01-31 22:16:01.011531,2352,6,836,2,6,9000,800,7517.6895,67,791.1749,553.4553,15.435,2,100,0,0,0,1.0,7518,791,553
2024-01-31 22:17:54.808134,2352,6,836,2,6,9000,800,7527.6567,67,792.0967,553.455,15.4347,2,100,0,0,0,1.0,7528,792,553
2024-01-31 22:15:33.678855,2352,6,836,2,6,9000,800,7536.5391,67,792.2108,552.6414,15.4349,2,100,0,0,0,1.0,7537,792,553
2024-01-31 22:15:33.695559,2352,6,836,2,6,9000,800,7571.5225,68,792.8351,550.4858,15.4349,2,100,0,0,0,1.0,7572,793,550
2024-01-31 22:16:01.027999,2352,6,836,2,6,9000,800,7574.1143,68,793.5008,551.0988,15.435,2,100,0,0,0,1.0,7574,794,551
2024-01-31 22:17:54.825093,2352,6,836,2,6,9000,800,7577.9204,67,793.5559,550.7546,15.4347,2,100,0,0,0,1.0,7578,794,551
2024-01-31 22:15:33.711547,2352,6,836,2,6,9000,800,7609.0405,68,794.3516,548.914,15.4349,2,100,0,0,0,1.0,7609,794,549
2024-01-31 22:15:53.244492,2352,6,836,2,6,9000,800,7612.4165,78,0,0,-2.0679,2,0,100,0,0,1.0,7612,0,0
2024-01-31 22:17:54.108189,2352,6,836,2,6,9000,800,7615.5166,50,602.3919,410.992,0.9034,2,100,0,0,0,1.0,7616,602,411
2024-01-31 22:17:54.841669,2352,6,836,2,6,9000,800,7627.4204,68,794.9522,548.1142,15.4348,2,100,0,0,0,1.0,7627,795,548
2024-01-31 22:16:01.043956,2352,6,836,2,6,9000,800,7640.6753,68,795.4653,547.7445,15.435,2,100,0,0,0,1.0,7641,795,548
2024-01-31 22:15:33.730073,2352,6,836,2,6,9000,800,7659.5479,68,795.8435,546.4428,15.4349,2,100,0,0,0,1.0,7660,796,546
2024-01-31 22:17:54.858145,2352,6,836,2,6,9000,800,7668.1709,68,795.9915,545.8074,15.4348,2,100,0,0,0,1.0,7668,796,546
2024-01-31 22:15:32.912428,2352,6,836,2,6,9000,800,7686.9917,50,620.1971,418.5113,2.2153,2,100,0,0,0,1.0,7687,620,419
2024-01-31 22:15:33.745037,2352,6,836,2,6,9000,800,7696.937,69,796.2781,543.877,15.4349,2,100,0,0,0,1.0,7697,796,544
2024-01-31 22:16:01.061369,2352,6,836,2,6,9000,800,7704.1006,68,797.1379,544.3054,15.435,2,100,0,0,0,1.0,7704,797,544
2024-01-31 22:17:54.875327,2352,6,836,2,6,9000,800,7711.9048,68,797.1678,543.5346,15.4349,2,100,0,0,0,1.0,7712,797,544
2024-01-31 22:15:33.762526,2352,6,836,2,6,9000,800,7734.6724,69,797.7104,542.2608,15.435,2,100,0,0,0,1.0,7735,798,542
2024-01-31 22:17:54.891325,2352,6,836,2,6,9000,800,7744.1406,69,797.8975,541.6594,15.4349,2,100,0,0,0,1.0,7744,798,542
2024-01-31 22:16:01.078333,2352,6,836,2,6,9000,800,7764.6011,69,798.6427,541.0043,15.435,2,100,0,0,0,1.0,7765,799,541
2024-01-31 22:17:54.908327,2352,6,836,2,6,9000,800,7772.4116,69,798.2103,539.8253,15.4349,2,100,0,0,0,1.0,7772,798,540
2024-01-31 22:15:33.778997,2352,6,836,2,6,9000,800,7781.8716,69,798.9573,539.8937,15.435,2,100,0,0,0,1.0,7782,799,540
2024-01-31 22:16:01.094329,2352,6,836,2,6,9000,800,7805.6899,69,799.4657,538.4902,15.435,2,100,0,0,0,1.0,7806,799,538
2024-01-31 22:17:54.924831,2352,6,836,2,6,9000,800,7805.7671,69,799.4275,538.4481,15.4349,2,100,0,0,0,1.0,7806,799,538
2024-01-31 22:15:33.795999,2352,6,836,2,6,9000,800,7813.6406,70,799.1975,537.649,15.435,2,100,0,0,0,1.0,7814,799,538
2024-01-31 22:17:54.941763,2352,6,836,2,6,9000,800,7841.0493,70,800.2678,536.596,15.435,2,100,0,0,0,1.0,7841,800,537
2024-01-31 22:16:01.111271,2352,6,836,2,6,9000,800,7842.2891,69,800.3029,536.5607,15.435,2,100,0,0,0,1.0,7842,800,537
2024-01-31 22:15:33.811471,2352,6,836,2,6,9000,800,7843.2568,70,800.2607,536.3665,15.435,2,100,0,0,0,1.0,7843,800,536
2024-01-31 22:15:33.829072,2352,6,836,2,6,9000,800,7874.6538,70,800.5907,534.4196,15.435,2,100,0,0,0,1.0,7875,801,534
2024-01-31 22:17:54.958174,2352,6,836,2,6,9000,800,7880.0161,70,801.1754,534.563,15.435,2,100,0,0,0,1.0,7880,801,535
2024-01-31 22:15:53.228056,2352,6,836,2,6,9000,800,7881.6108,78,0,0,0.5242,2,0,100,0,0,1.0,7882,0,0
2024-01-31 22:16:01.128248,2352,6,836,2,6,9000,800,7891.0708,70,801.536,534.2345,15.435,2,100,0,0,0,1.0,7891,802,534
2024-01-31 22:15:33.845201,2352,6,836,2,6,9000,800,7908.1445,71,801.7502,533.0078,15.435,2,100,0,0,0,1.0,7908,802,533
2024-01-31 22:17:54.974761,2352,6,836,2,6,9000,800,7915.6323,70,801.9178,532.6056,15.435,2,100,0,0,0,1.0,7916,802,533
2024-01-31 22:17:54.991177,2352,6,836,2,6,9000,800,7944.4199,71,802.4734,531.0016,15.435,2,100,0,0,0,1.0,7944,802,531
2024-01-31 22:16:01.144692,2352,6,836,2,6,9000,800,7948.0005,70,802.8407,531.3457,15.435,2,100,0,0,0,1.0,7948,803,531
2024-01-31 22:15:33.862038,2352,6,836,2,6,9000,800,7950.3667,71,802.7252,530.903,15.435,2,100,0,0,0,1.0,7950,803,531
2024-01-31 22:17:55.408430,2352,6,836,2,6,9000,800,7952.2832,79,0,0,14.0225,2,100,0,0,0,1.0,7952,0,0
2024-01-31 22:17:54.091240,2352,6,836,2,6,9000,800,7955.0181,50,555.988,366.4924,-3.3267,2,100,0,0,0,1.0,7955,556,366
2024-01-31 22:17:55.008602,2352,6,836,2,6,9000,800,7981.0933,71,802.8203,528.8242,15.435,2,100,0,0,0,1.0,7981,803,529
2024-01-31 22:15:33.878498,2352,6,836,2,6,9000,800,7990.3032,71,803.5143,528.7388,15.435,2,100,0,0,0,1.0,7990,804,529
2024-01-31 22:16:01.161191,2352,6,836,2,6,9000,800,8007.251,70,804.0493,528.1804,15.435,2,100,0,0,0,1.0,8007,804,528
2024-01-31 22:17:55.025024,2352,6,836,2,6,9000,800,8022.9692,71,804.1532,527.0521,15.435,2,100,0,0,0,1.0,8023,804,527
2024-01-31 22:15:33.895515,2352,6,836,2,6,9000,800,8024.604,72,803.6039,526.4239,15.435,2,100,0,0,0,1.0,8025,804,526
2024-01-31 22:15:33.911453,2352,6,836,2,6,9000,800,8059.123,72,804.5857,524.8666,15.435,2,100,0,0,0,1.0,8059,805,525
2024-01-31 22:16:01.178694,2352,6,836,2,6,9000,800,8063.4971,71,804.8657,524.9257,15.435,2,100,0,0,0,1.0,8063,805,525
2024-01-31 22:17:55.041451,2352,6,836,2,6,9000,800,8084.895,72,805.2531,523.8823,15.435,2,100,0,0,0,1.0,8085,805,524
2024-01-31 22:16:01.194191,2352,6,836,2,6,9000,800,8096.4673,71,805.0305,522.6224,15.435,2,100,0,0,0,1.0,8096,805,523
2024-01-31 22:15:32.895033,2352,6,836,2,6,9000,800,8103.5903,49,579.3337,374.5163,-1.6251,2,100,0,0,0,1.0,8104,579,375
2024-01-31 22:15:33.928478,2352,6,836,2,6,9000,800,8105.8784,72,805.3619,522.4462,15.435,2,100,0,0,0,1.0,8106,805,522
2024-01-31 22:16:01.227234,2352,6,836,2,6,9000,800,8112.8184,72,804.736,521.0675,15.435,2,100,0,0,0,1.0,8113,805,521
2024-01-31 22:16:01.211246,2352,6,836,2,6,9000,800,8115.0757,71,805.0091,521.2572,15.435,2,100,0,0,0,1.0,8115,805,521
2024-01-31 22:16:01.244243,2352,6,836,2,6,9000,800,8116.8467,72,804.8897,521.0222,15.435,2,100,0,0,0,1.0,8117,805,521
2024-01-31 22:16:01.261283,2352,6,836,2,6,9000,800,8123.0718,72,804.9769,520.7315,15.435,2,100,0,0,0,1.0,8123,805,521
2024-01-31 22:17:55.057909,2352,6,836,2,6,9000,800,8134.334,72,805.5824,520.7522,15.435,2,100,0,0,0,1.0,8134,806,521
2024-01-31 22:16:01.278230,2352,6,836,2,6,9000,800,8141.6064,73,805.2346,519.831,15.435,2,100,0,0,0,1.0,8142,805,520
2024-01-31 22:15:33.945645,2352,6,836,2,6,9000,800,8144.0498,73,805.4851,519.9861,15.435,2,100,0,0,0,1.0,8144,805,520
2024-01-31 22:16:01.294494,2352,6,836,2,6,9000,800,8162.8276,73,804.9863,518.2929,15.435,2,100,0,0,0,1.0,8163,805,518
2024-01-31 22:17:55.074845,2352,6,836,2,6,9000,800,8166.1289,73,805.4432,518.45,15.435,2,100,0,0,0,1.0,8166,805,518
2024-01-31 22:17:55.091424,2352,6,836,2,6,9000,800,8176.3262,73,805.0373,517.363,15.435,2,100,0,0,0,1.0,8176,805,517
2024-01-31 22:15:33.962105,2352,6,836,2,6,9000,800,8179.2446,73,805.5704,517.7719,15.435,2,100,0,0,0,1.0,8179,806,518
2024-01-31 22:15:53.211567,2352,6,836,2,6,9000,800,8179.0532,79,0,0,3.8852,2,0,100,0,0,1.0,8179,0,0
2024-01-31 22:15:33.997612,2352,6,836,2,6,9000,800,8187.4077,74,805.0784,516.5303,15.435,2,100,0,0,0,1.0,8187,805,517
2024-01-31 22:16:01.310934,2352,6,836,2,6,9000,800,8188.1523,73,805.4734,517.0715,15.435,2,100,0,0,0,1.0,8188,805,517
2024-01-31 22:17:55.108384,2352,6,836,2,6,9000,800,8193.335,73,805.3923,516.6388,15.435,2,100,0,0,0,1.0,8193,805,517
2024-01-31 22:17:55.458049,2352,6,836,2,6,9000,800,8203.6123,79,731.2711,476.8951,9.0867,2,100,0,0,0,1.0,8204,731,477
2024-01-31 22:15:33.978101,2352,6,836,2,6,9000,800,8208.5381,73,805.5772,515.8783,15.435,2,100,0,0,0,1.0,8209,806,516
2024-01-31 22:16:01.327904,2352,6,836,2,6,9000,800,8211.8428,74,805.5221,515.632,15.435,2,100,0,0,0,1.0,8212,806,516
2024-01-31 22:17:55.124811,2352,6,836,2,6,9000,800,8219.625,74,805.5168,515.1563,15.435,2,100,0,0,0,1.0,8220,806,515
2024-01-31 22:15:34.012173,2352,6,836,2,6,9000,800,8232.1279,74,805.7625,514.7082,15.435,2,100,0,0,0,1.0,8232,806,515
2024-01-31 22:16:01.344926,2352,6,836,2,6,9000,800,8254.0908,74,805.5924,513.2234,15.435,2,100,0,0,0,1.0,8254,806,513
2024-01-31 22:15:34.028401,2352,6,836,2,6,9000,800,8255.1025,74,804.7852,512.4321,15.435,2,100,0,0,0,1.0,8255,805,512
2024-01-31 22:17:55.141557,2352,6,836,2,6,9000,800,8256.5117,74,805.4447,512.8938,15.435,2,100,0,0,0,1.0,8257,805,513
2024-01-31 22:17:55.158255,2352,6,836,2,6,9000,800,8292.1387,74,805.1457,510.4759,15.435,2,100,0,0,0,1.0,8292,805,510
2024-01-31 22:16:01.361400,2352,6,836,2,6,9000,800,8304.8164,74,805.3442,509.9919,15.435,2,100,0,0,0,1.0,8305,805,510
2024-01-31 22:15:34.045060,2352,6,836,2,6,9000,800,8324.0566,75,805.4761,509.0462,15.435,2,100,0,0,0,1.0,8324,805,509
2024-01-31 22:17:55.174802,2352,6,836,2,6,9000,800,8326.627,75,804.6954,508.0524,15.435,2,100,0,0,0,1.0,8327,805,508
2024-01-31 22:17:55.675242,2352,6,836,2,6,9000,800,8332.9346,79,0,0,2.8383,2,100,0,0,0,1.0,8333,0,0
2024-01-31 22:16:01.377885,2352,6,836,2,6,9000,800,8353.6641,75,804.5329,506.4452,15.435,2,100,0,0,0,1.0,8354,805,506
2024-01-31 22:17:55.191382,2352,6,836,2,6,9000,800,8361.5654,75,804.0783,505.5364,15.435,2,100,0,0,0,1.0,8362,804,506
2024-01-31 22:17:55.741355,2352,6,836,2,6,9000,800,8369.4678,79,0,0,3.5837,2,100,0,0,0,1.0,8369,0,0
2024-01-31 22:15:34.061506,2352,6,836,2,6,9000,800,8391.5527,75,804.192,504.0904,15.435,2,100,0,0,0,1.0,8392,804,504
2024-01-31 22:17:55.208429,2352,6,836,2,6,9000,800,8395.5195,75,803.4208,503.0639,15.435,2,100,0,0,0,1.0,8396,803,503
2024-01-31 22:16:01.394847,2352,6,836,2,6,9000,800,8399.3838,75,802.7361,502.4305,15.435,2,100,0,0,0,1.0,8399,803,502
2024-01-31 22:17:55.225064,2352,6,836,2,6,9000,800,8422.4492,76,802.6458,500.9112,15.435,2,100,0,0,0,1.0,8422,803,501
2024-01-31 22:15:53.194521,2352,6,836,2,6,9000,800,8422.8467,79,0,0,6.7873,2,0,100,0,0,1.0,8423,0,0
2024-01-31 22:17:55.658743,2352,6,836,2,6,9000,800,8425.9746,79,0,0,5.8905,2,100,0,0,0,1.0,8426,0,0
2024-01-31 22:16:01.411338,2352,6,836,2,6,9000,800,8431.0322,75,802.4314,500.2632,15.435,2,100,0,0,0,1.0,8431,802,500
2024-01-31 22:15:34.078607,2352,6,836,2,6,9000,800,8443.8105,75,802.5947,499.8127,15.435,2,100,0,0,0,1.0,8444,803,500
2024-01-31 22:17:55.241056,2352,6,836,2,6,9000,800,8445.9502,76,801.4181,498.6948,15.435,2,100,0,0,0,1.0,8446,801,499
2024-01-31 22:17:55.608446,2352,6,836,2,6,9000,800,8448.252,79,0,0,3.9853,2,100,0,0,0,1.0,8448,0,0
2024-01-31 22:16:01.427874,2352,6,836,2,6,9000,800,8456.2891,75,801.5977,498.2143,15.435,2,100,0,0,0,1.0,8456,802,498
2024-01-31 22:17:55.724842,2352,6,836,2,6,9000,800,8466.501,79,0,0,5.8029,2,100,0,0,0,1.0,8467,0,0
2024-01-31 22:17:55.262016,2352,6,836,2,6,9000,800,8470.8818,76,801.2457,497.1777,15.435,2,100,0,0,0,1.0,8471,801,497
2024-01-31 22:15:34.095611,2352,6,836,2,6,9000,800,8478.0586,76,800.5044,496.2832,15.435,2,100,0,0,0,1.0,8478,801,496
2024-01-31 22:17:55.558615,2352,6,836,2,6,9000,800,8481.3467,79,0,0,0.953,2,100,0,0,0,1.0,8481,0,0
2024-01-31 22:15:34.112200,2352,6,836,2,6,9000,800,8500.7812,76,800.2301,494.7404,15.435,2,100,0,0,0,1.0,8501,800,495
2024-01-31 22:17:55.275005,2352,6,836,2,6,9000,800,8503.0645,76,800.4653,494.8785,15.435,2,100,0,0,0,1.0,8503,800,495
2024-01-31 22:17:55.291675,2352,6,836,2,6,9000,800,8537.8848,77,799.2416,492.1233,15.435,2,100,0,0,0,1.0,8538,799,492
2024-01-31 22:17:55.591516,2352,6,836,2,6,9000,800,8547.5879,79,0,0,4.5956,2,100,0,0,0,1.0,8548,0,0
2024-01-31 22:17:55.541652,2352,6,836,2,6,9000,800,8550.8682,79,0,0,3.9434,2,100,0,0,0,1.0,8551,0,0
2024-01-31 22:15:34.128679,2352,6,836,2,6,9000,800,8554.9492,76,798.9569,491.0732,15.435,2,100,0,0,0,1.0,8555,799,491
2024-01-31 22:17:55.641696,2352,6,836,2,6,9000,800,8563.6221,79,0,0,6.809,2,100,0,0,0,1.0,8564,0,0
2024-01-31 22:17:55.308171,2352,6,836,2,6,9000,800,8566.2256,77,797.2916,489.2029,15.435,2,100,0,0,0,1.0,8566,797,489
2024-01-31 22:15:34.144688,2352,6,836,2,6,9000,800,8591.6299,77,797.0058,487.6274,15.435,2,100,0,0,0,1.0,8592,797,488
2024-01-31 22:17:55.324727,2352,6,836,2,6,9000,800,8596.3809,77,796.7929,487.2436,15.435,2,100,0,0,0,1.0,8596,797,487
2024-01-31 22:15:34.196727,2352,6,836,2,6,9000,800,8599.3789,78,795.6738,485.9724,15.435,2,100,0,0,0,1.0,8599,796,486
2024-01-31 22:17:55.707837,2352,6,836,2,6,9000,800,8604.5479,79,0,0,6.4682,2,100,0,0,0,1.0,8605,0,0
2024-01-31 22:15:34.161637,2352,6,836,2,6,9000,800,8610.8613,77,795.7213,485.6147,15.435,2,100,0,0,0,1.0,8611,796,486
2024-01-31 22:15:34.178305,2352,6,836,2,6,9000,800,8625.2598,77,794.9073,484.2823,15.435,2,100,0,0,0,1.0,8625,795,484
2024-01-31 22:17:55.390926,2352,6,836,2,6,9000,800,8626.085,79,0,0,15.3737,2,100,0,0,0,1.0,8626,0,0
2024-01-31 22:17:55.525069,2352,6,836,2,6,9000,800,8645.4795,79,0,0,6.2523,2,100,0,0,0,1.0,8645,0,0
2024-01-31 22:17:55.341238,2352,6,836,2,6,9000,800,8647.9209,78,794.9527,483.384,15.435,2,100,0,0,0,1.0,8648,795,483
2024-01-31 22:17:55.575225,2352,6,836,2,6,9000,800,8684.3643,79,0,0,3.8428,2,100,0,0,0,1.0,8684,0,0
2024-01-31 22:17:55.358206,2352,6,836,2,6,9000,800,8691.4834,78,792.4914,479.3969,15.435,2,100,0,0,0,1.0,8691,792,479
2024-01-31 22:17:55.374928,2352,6,836,2,6,9000,800,8727.833,78,790.2482,475.9803,15.435,2,100,0,0,0,1.0,8728,790,476
2024-01-31 22:17:55.508546,2352,6,836,2,6,9000,800,8744.6309,79,0,0,8.3771,2,100,0,0,0,1.0,8745,0,0
2024-01-31 22:17:55.624692,2352,6,836,2,6,9000,800,8747.8545,79,0,0,6.3861,2,100,0,0,0,1.0,8748,0,0
2024-01-31 22:17:55.691793,2352,6,836,2,6,9000,800,8780.7998,79,0,0,5.62,2,100,0,0,0,1.0,8781,0,0
2024-01-31 22:17:55.758060,2352,6,836,2,6,9000,800,8804.4658,79,0,0,6.1873,2,100,0,0,0,1.0,8804,0,0
2024-01-31 22:17:55.491495,2352,6,836,2,6,9000,800,8820.2646,79,0,0,9.9802,2,100,0,0,0,1.0,8820,0,0
2024-01-31 22:17:55.475030,2352,6,836,2,6,9000,800,8836.8838,79,0,0,10.3863,2,100,0,0,0,1.0,8837,0,0
